season,team,GP,PTS,W,L,OTL,final_G,final_GA,situation,toi,gf,ga,g_dif,gf%,xgf,xga,xg%,pdo,shooting%,sv%,shooting%_ag,sv%_ag,Conference,Division,playoffs,hdsc,hdsca,hdsc%,sc,sca,sc%,asd,asda,fwf,fwa,fenwick%,cf,ca,corsi%,shots,shots_ag,mdsc,adsc,ldsc,mdsca,adsca,ldsca,point_shot,point_shots_ag,pshot_perc,pshot_perc_ag,blocks,blocks_ag,miss,miss_ag,miss_perc,miss_perc_ag,block%,block%_ag,penalties,penalty_mins,penalties_ag,penalty_mins_ag,faceoff_w,faceoff_l,hits,takeaways,giveaways,dz_giveaways,hits_ag,takeaways_ag,giveaways_ag,dz_giveaways_ag,oz_takeaways,oz_takeaways_ag,xg_dif,fwf_dif,hdsc_dif,gf_p60,ga_p60,g_dif_p60,xgf_p60,xga_p60,hdsc_p60,hdsca_p60,sc_p60,sca_p60,fwf_p60,fwa_p60,cf_p60,ca_p60,shots_p60,shots_ag_p60,mdsc_p60,adsc_p60,ldsc_p60,mdsca_p60,adsca_p60,ldsca_p60,point_shot_p60,point_shot_ag_p60,miss_p60,miss_ag_p60,blocks_p60,blocks_ag_p60,penalties_p60,penalties_ag_p60,hits_p60,takeaways_p60,giveaways_p60,dz_giveaways_p60,hits_ag_p60,takeaways_ag_p60,giveaways_ag_p60,dz_giveaways_ag_p60,xg_dif_p60,fwf_dif_p60,hdsc_dif_p60,oz_takeaways_p60,oz_takeaways_ag_p60,PTS_perc,W_perc,gf_p60_perc,g_dif_p60_perc,gf%_perc,xg%_perc,xgf_p60_perc,xg_dif_p60_perc,ga_p60_perc,xga_p60_perc,hdsc%_perc,hdsc_dif_p60_perc,sc%_perc,asd_perc,asda_perc,pdo_perc,shooting%_perc,sv%_perc,sv%_ag_perc,shooting%_ag_perc,hdsc_p60_perc,sc_p60_perc,hdsca_p60_perc,sca_p60_perc,fenwick%_perc,fwf_p60_perc,fwa_p60_perc,fwf_dif_p60_perc,corsi%_perc,cf_p60_perc,ca_p60_perc,mdsc_p60_perc,adsc_p60_perc,ldsc_p60_perc,adsca_p60_perc,mdsca_p60_perc,ldsca_p60_perc,blocks_p60_perc,blocks_ag_p60_perc,block%_perc,block%_ag_perc,hits_p60_perc,hits_ag_p60_perc,point_shot_p60_perc,point_shot_ag_p60_perc,pshot_perc_perc,pshot_perc_ag_perc,takeaways_p60_perc,takeaways_ag_p60_perc,giveaways_p60_perc,giveaways_ag_p60_perc,dz_giveaways_p60_perc,dz_giveaways_ag_p60_perc,penalties_p60_perc,penalties_ag_p60_perc,faceoff_w_perc,faceoff_l_perc,penalty_mins_perc,penalty_mins_ag_perc,miss_ag_p60_perc,miss_p60_perc,miss_perc_perc,miss_perc_ag_perc,oz_takeaways_ag_p60_perc,oz_takeaways_p60_perc,shots_ag_p60_perc,shots_p60_perc,point_shot_ag
20232024,ANA,0.0,0.0,0.0,0.0,0.0,0.0,0.0,all,0.0,0.0,0.0,0.0,,0.0,0.0,,0.0,0.0,0.0,0.0,0.0,west,pacific,none,0.0,0.0,,0.0,0.0,,,,0.0,0.0,,0.0,0.0,,0.0,0.0,0.0,0.0,0.0,0.0,0.0,0.0,0.0,,,,0.0,0.0,0.0,0.0,,,,,0.0,0.0,0.0,0.0,0.0,0.0,0.0,0.0,0.0,0.0,0.0,0.0,0.0,0.0,0.0,0.0,0.0,0.0,0.0,,,,,,,,,,,,,,,,,,,,,,,,,,,,,,,,,,,,,,,,,,,0.36,0.38,,,,,,,,,,,,,,0.25,0.25,0.25,0.78,0.78,,,,,,,,,,,,,,,,,,,,,,,,,,,,,,,,,,,,0.25,0.78,0.25,0.78,,,,,,,,,0.0
20232024,ARI,0.0,0.0,0.0,0.0,0.0,0.0,0.0,all,0.0,0.0,0.0,0.0,,0.0,0.0,,0.0,0.0,0.0,0.0,0.0,west,central,none,0.0,0.0,,0.0,0.0,,,,0.0,0.0,,0.0,0.0,,0.0,0.0,0.0,0.0,0.0,0.0,0.0,0.0,0.0,,,,0.0,0.0,0.0,0.0,,,,,0.0,0.0,0.0,0.0,0.0,0.0,0.0,0.0,0.0,0.0,0.0,0.0,0.0,0.0,0.0,0.0,0.0,0.0,0.0,,,,,,,,,,,,,,,,,,,,,,,,,,,,,,,,,,,,,,,,,,,0.36,0.38,,,,,,,,,,,,,,0.25,0.25,0.25,0.78,0.78,,,,,,,,,,,,,,,,,,,,,,,,,,,,,,,,,,,,0.25,0.78,0.25,0.78,,,,,,,,,0.0
20232024,BOS,1.0,2.0,1.0,0.0,0.0,3.0,1.0,4on5,360.0,0.0,0.0,0.0,,0.0,0.0,,0.0,0.0,0.0,0.0,0.0,east,atlantic,top3,0.0,0.0,,0.0,0.0,,,,0.0,0.0,,0.0,2.0,0.0,0.0,0.0,0.0,0.0,0.0,0.0,0.0,0.0,0.0,,,,0.0,2.0,0.0,0.0,,0.0,,1.0,0.0,0.0,1.0,2.0,1.0,3.0,0.0,1.0,0.0,0.0,0.0,1.0,0.0,0.0,0.0,0.0,0.0,0.0,0.0,0.0,0.0,0.0,0.0,0.0,0.0,0.0,0.0,0.0,0.0,0.0,0.0,0.333,0.0,0.0,0.0,0.0,0.0,0.0,0.0,0.0,0.0,0.0,0.0,0.0,0.0,0.333,0.0,0.167,0.0,0.167,0.0,0.0,0.0,0.167,0.0,0.0,0.0,0.0,0.0,0.0,0.0,0.76,0.76,0.44,0.71,,,0.24,1.0,0.79,1.0,,0.97,,,,0.06,0.44,0.06,0.74,0.79,0.47,0.38,0.97,0.97,,0.24,1.0,1.0,0.0,0.21,1.0,0.41,0.47,0.35,1.0,0.94,0.71,0.68,0.24,,1.0,0.15,0.71,0.71,0.09,,,0.59,0.09,0.68,0.24,0.65,0.53,0.59,0.79,0.21,0.76,0.47,0.12,0.09,0.62,,0.09,0.62,0.47,1.0,0.29,0.0
20232024,BOS,1.0,2.0,1.0,0.0,0.0,3.0,1.0,5on4,360.0,0.0,0.0,0.0,,1.08,0.15,0.878,1.0,0.0,1.0,0.0,1.0,east,atlantic,top3,3.0,0.0,1.0,4.0,1.0,0.8,2.857,2.0,7.0,3.0,0.7,9.0,3.0,0.75,5.0,3.0,1.0,2.0,1.0,1.0,0.0,1.0,3.0,,0.43,0.333,2.0,0.0,2.0,0.0,0.222,0.0,0.222,0.0,0.0,0.0,0.0,0.0,6.0,2.0,0.0,0.0,0.0,0.0,2.0,0.0,0.0,0.0,0.0,0.0,0.93,4.0,3.0,0.0,0.0,0.0,0.18,0.025,0.5,0.0,0.667,0.167,1.167,0.5,1.5,0.5,0.833,0.5,0.167,0.333,0.167,0.167,0.0,0.167,0.5,0.167,0.333,0.0,0.333,0.0,0.0,0.0,0.0,0.0,0.0,0.0,0.333,0.0,0.0,0.0,0.155,0.667,0.5,0.0,0.0,0.76,0.76,0.26,0.35,,0.29,0.71,0.65,0.62,0.06,0.59,0.71,0.12,0.59,0.56,0.76,0.26,0.85,0.26,0.62,0.68,0.41,0.59,0.12,0.18,0.29,0.06,0.18,0.75,0.24,0.06,0.29,0.29,0.88,0.59,0.06,0.06,0.82,0.38,0.65,0.33,0.35,0.24,0.18,0.94,0.18,0.64,0.38,0.91,0.82,0.38,0.53,0.41,0.68,0.47,0.76,0.79,0.44,0.59,0.44,0.82,0.59,0.42,0.59,0.44,0.06,0.35,1.0
20232024,BOS,1.0,2.0,1.0,0.0,0.0,3.0,1.0,5on5,2824.0,3.0,1.0,2.0,0.75,2.83,1.9,0.598,1.051,0.107,0.944,0.056,0.893,east,atlantic,top3,7.0,6.0,0.538,17.0,15.0,0.531,2.439,2.536,42.0,30.0,0.583,65.0,40.0,0.619,28.0,18.0,10.0,18.0,6.0,9.0,7.0,6.0,11.0,,0.26,0.233,23.0,10.0,14.0,12.0,0.215,0.3,0.354,0.25,4.0,8.0,3.0,6.0,27.0,15.0,13.0,3.0,6.0,0.0,16.0,2.0,6.0,2.0,1.0,2.0,0.9300000000000002,12.0,1.0,0.064,0.021,0.042,0.06,0.04,0.149,0.127,0.361,0.319,0.892,0.637,1.381,0.85,0.595,0.382,0.212,0.382,0.127,0.191,0.149,0.127,0.234,0.149,0.297,0.255,0.489,0.212,0.085,0.064,0.276,0.064,0.127,0.0,0.34,0.042,0.127,0.042,0.02,0.255,0.021,0.021,0.042,0.76,0.76,0.59,0.82,0.88,0.76,0.62,0.76,0.94,0.94,0.74,0.76,0.76,0.47,0.41,0.71,0.65,0.88,0.65,0.88,0.65,0.65,0.65,0.65,0.88,0.88,0.82,0.88,0.619,0.88,0.82,0.53,0.82,0.41,0.88,0.59,0.65,0.12,0.18,0.18,0.5,0.12,0.65,0.41,0.29,0.59,0.32,0.18,0.88,0.71,0.35,0.97,0.29,0.76,0.12,0.74,0.94,0.41,0.85,0.65,0.18,0.53,0.94,0.71,0.12,0.88,0.76,7.0
20232024,BOS,1.0,2.0,1.0,0.0,0.0,3.0,1.0,all,3600.0,3.0,1.0,2.0,0.75,3.92,2.04,0.658,1.043,0.091,0.952,0.048,0.909,east,atlantic,top3,10.0,6.0,0.625,21.0,16.0,0.568,2.5,2.5,49.0,33.0,0.598,74.0,45.0,0.622,33.0,21.0,11.0,20.0,7.0,10.0,7.0,7.0,14.0,,0.29,0.242,25.0,12.0,16.0,12.0,0.216,0.267,0.338,0.267,5.0,8.0,6.0,18.0,34.0,20.0,13.0,4.0,6.0,0.0,18.0,3.0,6.0,2.0,1.0,2.0,1.88,16.0,4.0,0.05,0.017,0.033,0.065,0.034,0.167,0.1,0.35,0.267,0.817,0.55,1.233,0.75,0.55,0.35,0.183,0.333,0.117,0.167,0.117,0.117,0.233,0.133,0.267,0.2,0.417,0.2,0.083,0.1,0.217,0.067,0.1,0.0,0.3,0.05,0.1,0.033,0.031,0.267,0.067,0.017,0.033,0.88,0.88,0.44,0.74,0.88,0.94,0.79,0.94,0.94,1.0,0.82,0.82,0.82,0.41,0.65,0.81,0.69,0.94,0.22,0.47,0.62,0.44,0.82,0.91,0.88,0.68,0.94,0.88,0.622,0.88,0.97,0.38,0.79,0.56,0.97,0.88,0.5,0.12,0.24,0.06,0.47,0.12,0.59,0.21,0.24,0.26,0.47,0.18,0.91,0.74,0.32,0.97,0.32,0.53,0.71,0.83,0.48,0.61,0.06,0.29,0.24,0.59,0.94,0.65,0.15,1.0,0.56,8.0
20232024,BOS,1.0,2.0,1.0,0.0,0.0,3.0,1.0,other,56.0,0.0,0.0,0.0,,0.0,0.0,,0.0,0.0,0.0,0.0,0.0,east,atlantic,top3,0.0,0.0,,0.0,0.0,,,,0.0,0.0,,0.0,0.0,,0.0,0.0,0.0,0.0,0.0,0.0,0.0,0.0,0.0,,,,0.0,0.0,0.0,0.0,,,,,1.0,0.0,2.0,10.0,0.0,0.0,0.0,0.0,0.0,0.0,0.0,0.0,0.0,0.0,0.0,0.0,0.0,0.0,0.0,0.0,0.0,0.0,0.0,0.0,0.0,0.0,0.0,0.0,0.0,0.0,0.0,0.0,0.0,0.0,0.0,0.0,0.0,0.0,0.0,0.0,0.0,0.0,0.0,0.0,0.0,0.0,1.071,2.143,0.0,0.0,0.0,0.0,0.0,0.0,0.0,0.0,0.0,0.0,0.0,0.0,0.0,0.76,0.76,0.5,0.53,,,0.47,0.53,0.56,0.59,,0.53,,,,0.41,0.5,0.44,0.62,0.56,0.47,0.41,0.59,0.65,,0.41,0.65,0.53,,0.41,0.65,0.41,0.47,0.53,0.59,0.65,0.53,0.56,0.5,,,0.5,0.56,0.53,0.53,,,0.5,0.56,0.56,0.5,0.53,0.53,0.24,0.88,0.47,0.59,0.35,0.09,0.47,0.59,,,0.53,0.53,0.65,0.41,0.0
20232024,BUF,0.0,0.0,0.0,0.0,0.0,0.0,0.0,all,0.0,0.0,0.0,0.0,,0.0,0.0,,0.0,0.0,0.0,0.0,0.0,east,atlantic,none,0.0,0.0,,0.0,0.0,,,,0.0,0.0,,0.0,0.0,,0.0,0.0,0.0,0.0,0.0,0.0,0.0,0.0,0.0,,,,0.0,0.0,0.0,0.0,,,,,0.0,0.0,0.0,0.0,0.0,0.0,0.0,0.0,0.0,0.0,0.0,0.0,0.0,0.0,0.0,0.0,0.0,0.0,0.0,,,,,,,,,,,,,,,,,,,,,,,,,,,,,,,,,,,,,,,,,,,0.36,0.38,,,,,,,,,,,,,,0.25,0.25,0.25,0.78,0.78,,,,,,,,,,,,,,,,,,,,,,,,,,,,,,,,,,,,0.25,0.78,0.25,0.78,,,,,,,,,0.0
20232024,CAR,1.0,2.0,1.0,0.0,0.0,5.0,3.0,4on5,480.0,1.0,0.0,1.0,1.0,0.11,0.51,0.177,2.0,1.0,1.0,0.0,0.0,east,metro,top3,1.0,4.0,0.2,1.0,5.0,0.167,4.0,2.7,1.0,10.0,0.091,3.0,14.0,0.176,1.0,6.0,0.0,0.0,0.0,1.0,3.0,2.0,0.0,,0.0,0.4,2.0,4.0,0.0,4.0,0.0,0.286,0.667,0.286,0.0,0.0,0.0,0.0,3.0,5.0,1.0,1.0,0.0,0.0,0.0,1.0,1.0,0.0,0.0,1.0,-0.4,-9.0,-3.0,0.125,0.0,0.125,0.014,0.064,0.125,0.5,0.125,0.625,0.125,1.25,0.375,1.75,0.125,0.75,0.0,0.0,0.0,0.125,0.375,0.25,0.0,0.5,0.0,0.5,0.25,0.5,0.0,0.0,0.125,0.125,0.0,0.0,0.0,0.125,0.125,0.0,-0.05,-1.125,-0.375,0.0,0.125,0.76,0.76,0.97,0.97,0.95,0.94,0.88,0.76,0.79,0.76,0.97,0.53,0.93,1.0,0.69,1.0,1.0,0.82,0.74,0.79,1.0,0.82,0.38,0.82,0.69,0.65,0.74,0.74,0.176,0.88,0.74,0.41,0.47,0.35,0.65,0.82,0.12,0.06,0.59,0.23,0.56,0.41,0.71,0.71,0.91,0.85,0.88,0.41,0.18,0.68,0.59,0.65,0.53,0.59,0.38,0.44,0.41,0.47,0.62,0.71,0.62,0.68,0.79,0.06,0.47,0.71,0.71,4.0
20232024,CAR,1.0,2.0,1.0,0.0,0.0,5.0,3.0,5on4,651.0,1.0,1.0,0.0,0.5,1.08,0.24,0.818,0.967,0.167,0.8,0.2,0.833,east,metro,top3,4.0,1.0,0.8,6.0,2.0,0.75,3.0,2.5,10.0,5.0,0.667,14.0,5.0,0.737,6.0,5.0,2.0,4.0,0.0,1.0,1.0,1.0,2.0,,0.2,0.2,4.0,0.0,4.0,0.0,0.286,0.0,0.286,0.0,0.0,0.0,1.0,2.0,5.0,6.0,4.0,0.0,3.0,0.0,2.0,1.0,0.0,0.0,0.0,1.0,0.8400000000000001,5.0,3.0,0.092,0.092,0.0,0.1,0.022,0.369,0.092,0.553,0.184,0.922,0.461,1.29,0.461,0.553,0.461,0.184,0.369,0.0,0.092,0.092,0.092,0.184,0.092,0.369,0.0,0.369,0.0,0.0,0.092,0.369,0.0,0.276,0.0,0.184,0.092,0.0,0.0,0.077,0.461,0.276,0.0,0.092,0.76,0.76,0.53,0.35,0.27,0.06,0.41,0.41,0.18,0.12,0.09,0.35,0.06,0.82,0.38,0.65,0.74,0.65,0.74,0.18,0.47,0.18,0.12,0.06,0.12,0.18,0.12,0.12,0.737,0.18,0.12,0.35,0.35,0.35,0.12,0.24,0.29,0.76,0.38,0.44,0.33,1.0,0.53,0.65,0.76,0.41,0.55,0.38,0.76,0.12,0.38,0.53,0.41,0.68,0.94,0.56,0.15,0.44,0.09,0.44,0.65,0.24,0.42,0.12,0.44,0.12,0.24,1.0
20232024,CAR,1.0,2.0,1.0,0.0,0.0,5.0,3.0,5on5,2434.0,3.0,2.0,1.0,0.6,2.42,1.72,0.585,0.983,0.088,0.895,0.105,0.912,east,metro,top3,6.0,6.0,0.5,17.0,15.0,0.531,2.224,2.6,49.0,31.0,0.612,61.0,37.0,0.622,34.0,19.0,11.0,20.0,12.0,9.0,12.0,3.0,17.0,,0.35,0.129,12.0,6.0,15.0,12.0,0.246,0.324,0.197,0.162,4.0,8.0,7.0,12.0,27.0,21.0,18.0,4.0,10.0,5.0,18.0,1.0,8.0,6.0,2.0,1.0,0.7,18.0,0.0,0.074,0.049,0.025,0.06,0.042,0.148,0.148,0.419,0.37,1.208,0.764,1.504,0.912,0.838,0.468,0.271,0.493,0.296,0.222,0.296,0.074,0.419,0.099,0.37,0.296,0.296,0.148,0.099,0.173,0.444,0.099,0.247,0.123,0.444,0.025,0.197,0.148,0.017,0.444,0.0,0.049,0.025,0.76,0.76,0.76,0.76,0.76,0.71,0.62,0.71,0.65,0.88,0.5,0.5,0.76,0.12,0.35,0.41,0.41,0.47,0.41,0.47,0.56,0.91,0.44,0.41,0.94,1.0,0.71,1.0,0.622,1.0,0.71,0.94,1.0,1.0,0.41,0.32,0.88,0.41,0.06,0.94,0.06,0.79,0.26,0.06,0.15,0.18,0.06,0.38,0.94,0.12,0.76,0.18,0.94,0.38,1.0,0.74,0.53,0.41,0.15,0.88,0.06,0.38,1.0,0.85,0.74,0.71,1.0,4.0
20232024,CAR,1.0,2.0,1.0,0.0,0.0,5.0,3.0,all,3600.0,5.0,3.0,2.0,0.625,3.6,2.48,0.592,1.019,0.119,0.9,0.1,0.881,east,metro,top3,11.0,11.0,0.5,25.0,22.0,0.532,2.393,2.614,61.0,46.0,0.57,79.0,56.0,0.585,42.0,30.0,14.0,24.0,12.0,11.0,16.0,6.0,19.0,,0.31,0.196,18.0,10.0,19.0,16.0,0.241,0.286,0.228,0.179,5.0,10.0,8.0,14.0,35.0,32.0,23.0,5.0,13.0,5.0,20.0,3.0,9.0,6.0,2.0,3.0,1.12,15.0,0.0,0.083,0.05,0.033,0.06,0.041,0.183,0.183,0.417,0.367,1.017,0.767,1.317,0.933,0.7,0.5,0.233,0.4,0.2,0.183,0.267,0.1,0.317,0.15,0.317,0.267,0.3,0.167,0.083,0.133,0.383,0.083,0.217,0.083,0.333,0.05,0.15,0.1,0.019,0.25,0.0,0.033,0.05,0.88,0.88,0.85,0.74,0.71,0.82,0.59,0.82,0.65,0.85,0.56,0.56,0.71,0.29,0.41,0.75,0.81,0.78,0.34,0.31,0.82,0.71,0.29,0.59,0.82,1.0,0.59,0.82,0.585,0.94,0.71,0.71,0.94,1.0,0.44,0.68,0.68,0.41,0.06,0.76,0.06,0.82,0.44,0.06,0.32,0.18,0.24,0.29,0.91,0.15,0.71,0.29,0.91,0.53,0.97,0.89,0.22,0.77,0.14,0.79,0.12,0.29,1.0,0.26,0.44,0.71,1.0,9.0
20232024,CAR,1.0,2.0,1.0,0.0,0.0,5.0,3.0,other,35.0,0.0,0.0,0.0,,0.0,0.0,,0.0,0.0,0.0,0.0,1.0,east,metro,top3,0.0,0.0,,1.0,0.0,1.0,3.0,,1.0,0.0,1.0,1.0,0.0,1.0,1.0,0.0,1.0,0.0,0.0,0.0,0.0,0.0,0.0,,0.0,,0.0,0.0,0.0,0.0,0.0,,0.0,,1.0,2.0,0.0,0.0,0.0,0.0,0.0,0.0,0.0,0.0,0.0,0.0,0.0,0.0,0.0,0.0,0.0,1.0,0.0,0.0,0.0,0.0,0.0,0.0,0.0,0.0,1.714,0.0,1.714,0.0,1.714,0.0,1.714,0.0,1.714,0.0,0.0,0.0,0.0,0.0,0.0,0.0,0.0,0.0,0.0,0.0,1.714,0.0,0.0,0.0,0.0,0.0,0.0,0.0,0.0,0.0,0.0,1.714,0.0,0.0,0.0,0.76,0.76,0.5,0.53,,,0.47,0.53,0.56,0.59,,0.53,0.92,0.38,,0.41,0.5,0.44,0.12,0.56,0.47,0.88,0.59,0.65,0.92,0.88,0.65,1.0,1.0,0.88,0.65,1.0,0.47,0.53,0.59,0.65,0.53,0.56,0.5,0.75,,0.5,0.56,0.53,0.53,0.62,,0.5,0.56,0.56,0.5,0.53,0.53,0.18,0.32,0.47,0.59,0.79,0.71,0.47,0.59,0.88,,0.53,0.53,0.65,0.94,0.0
20232024,CBJ,0.0,0.0,0.0,0.0,0.0,0.0,0.0,all,0.0,0.0,0.0,0.0,,0.0,0.0,,0.0,0.0,0.0,0.0,0.0,east,metro,none,0.0,0.0,,0.0,0.0,,,,0.0,0.0,,0.0,0.0,,0.0,0.0,0.0,0.0,0.0,0.0,0.0,0.0,0.0,,,,0.0,0.0,0.0,0.0,,,,,0.0,0.0,0.0,0.0,0.0,0.0,0.0,0.0,0.0,0.0,0.0,0.0,0.0,0.0,0.0,0.0,0.0,0.0,0.0,,,,,,,,,,,,,,,,,,,,,,,,,,,,,,,,,,,,,,,,,,,0.36,0.38,,,,,,,,,,,,,,0.25,0.25,0.25,0.78,0.78,,,,,,,,,,,,,,,,,,,,,,,,,,,,,,,,,,,,0.25,0.78,0.25,0.78,,,,,,,,,0.0
20232024,CGY,1.0,2.0,1.0,0.0,0.0,5.0,3.0,4on5,480.0,1.0,0.0,1.0,1.0,0.05,0.24,0.172,1.5,0.5,1.0,0.0,0.5,west,pacific,top3,0.0,5.0,0.0,0.0,12.0,0.0,1.5,2.778,2.0,19.0,0.095,2.0,22.0,0.083,2.0,14.0,0.0,1.0,1.0,7.0,3.0,3.0,2.0,,1.0,0.211,0.0,3.0,0.0,5.0,0.0,0.227,0.0,0.136,0.0,0.0,0.0,0.0,7.0,5.0,2.0,1.0,2.0,2.0,0.0,0.0,0.0,0.0,0.0,0.0,-0.19,-17.0,-5.0,0.125,0.0,0.125,0.006,0.03,0.0,0.625,0.0,1.5,0.25,2.375,0.25,2.75,0.25,1.75,0.0,0.125,0.125,0.875,0.375,0.375,0.25,0.5,0.0,0.625,0.0,0.375,0.0,0.0,0.25,0.125,0.25,0.25,0.0,0.0,0.0,0.0,-0.024,-2.125,-0.625,0.0,0.0,0.76,0.76,0.97,0.97,0.95,0.88,0.76,0.91,0.79,0.88,0.47,0.12,0.37,0.38,0.62,0.94,0.94,0.82,0.41,0.79,0.47,0.38,0.12,0.06,0.75,0.76,0.06,0.06,0.083,0.65,0.06,0.41,1.0,0.94,0.65,0.12,0.06,0.68,0.35,0.77,0.18,0.71,0.71,0.06,0.91,0.2,0.69,0.41,0.68,0.12,0.24,0.12,0.53,0.59,0.38,1.0,0.41,0.47,0.62,0.91,0.62,0.68,0.53,0.62,0.47,0.06,0.82,4.0
20232024,CGY,1.0,2.0,1.0,0.0,0.0,5.0,3.0,5on4,326.0,1.0,0.0,1.0,1.0,1.2,0.0,1.0,0.167,0.167,0.0,0.0,0.833,west,pacific,top3,3.0,0.0,1.0,6.0,0.0,1.0,3.0,,9.0,0.0,1.0,10.0,0.0,1.0,6.0,0.0,3.0,3.0,0.0,0.0,0.0,0.0,0.0,,0.0,,1.0,0.0,3.0,0.0,0.3,,0.1,,0.0,0.0,0.0,0.0,2.0,3.0,0.0,0.0,0.0,0.0,2.0,1.0,1.0,1.0,0.0,0.0,1.2,9.0,3.0,0.184,0.0,0.184,0.221,0.0,0.552,0.0,1.104,0.0,1.656,0.0,1.84,0.0,1.104,0.0,0.552,0.552,0.0,0.0,0.0,0.0,0.0,0.0,0.552,0.0,0.184,0.0,0.0,0.0,0.0,0.0,0.0,0.0,0.368,0.184,0.184,0.184,0.221,1.656,0.552,0.0,0.0,0.76,0.76,0.71,0.71,0.68,0.85,0.94,0.94,0.62,0.85,0.59,0.82,0.69,0.82,,0.47,0.74,0.29,0.74,0.62,0.82,0.76,0.59,0.68,0.85,0.76,0.85,0.82,1.0,0.53,0.88,0.65,0.76,0.35,0.59,0.65,0.71,1.0,0.38,1.0,,0.35,0.12,1.0,0.35,1.0,,0.38,0.29,0.82,0.88,0.53,0.88,0.68,0.47,0.18,0.59,0.44,0.59,0.44,0.18,0.12,,0.59,0.44,0.79,0.59,0.0
20232024,CGY,1.0,2.0,1.0,0.0,0.0,5.0,3.0,5on5,2670.0,3.0,3.0,0.0,0.5,2.13,3.2,0.4,1.084,0.214,0.87,0.13,0.786,west,pacific,top3,2.0,11.0,0.154,7.0,17.0,0.292,2.056,2.618,20.0,38.0,0.345,33.0,61.0,0.351,14.0,23.0,5.0,3.0,8.0,6.0,10.0,7.0,8.0,,0.4,0.263,13.0,23.0,6.0,15.0,0.182,0.246,0.394,0.377,4.0,8.0,3.0,6.0,38.0,22.0,10.0,7.0,13.0,10.0,13.0,6.0,4.0,2.0,3.0,2.0,-1.0700000000000003,-18.0,-9.0,0.067,0.067,0.0,0.048,0.072,0.045,0.247,0.157,0.382,0.449,0.854,0.742,1.371,0.315,0.517,0.112,0.067,0.18,0.135,0.225,0.157,0.18,0.225,0.135,0.337,0.292,0.517,0.09,0.067,0.225,0.157,0.292,0.225,0.292,0.135,0.09,0.045,-0.024,-0.404,-0.202,0.067,0.045,0.76,0.76,0.68,0.53,0.53,0.24,0.35,0.24,0.44,0.35,0.12,0.06,0.06,0.06,0.24,0.82,0.94,0.41,0.94,0.41,0.12,0.06,0.06,0.35,0.06,0.06,0.24,0.12,0.351,0.06,0.18,0.06,0.06,0.94,0.65,0.88,0.24,0.53,1.0,0.06,0.94,0.06,0.88,0.71,0.59,0.06,0.53,0.76,0.47,0.06,0.24,0.06,0.47,0.65,0.24,1.0,0.44,0.41,0.85,0.94,1.0,0.88,0.68,0.47,0.82,0.65,0.06,10.0
20232024,CGY,1.0,2.0,1.0,0.0,0.0,5.0,3.0,all,3600.0,5.0,3.0,2.0,0.625,3.38,3.44,0.496,1.146,0.227,0.919,0.081,0.773,west,pacific,top3,5.0,16.0,0.238,13.0,29.0,0.31,2.31,2.673,31.0,57.0,0.352,45.0,83.0,0.352,22.0,37.0,8.0,7.0,9.0,13.0,13.0,10.0,10.0,,0.32,0.246,14.0,26.0,9.0,20.0,0.2,0.241,0.311,0.313,4.0,8.0,3.0,6.0,47.0,30.0,12.0,8.0,15.0,12.0,15.0,7.0,5.0,3.0,3.0,2.0,-0.06000000000000005,-26.0,-11.0,0.083,0.05,0.033,0.056,0.057,0.083,0.267,0.217,0.483,0.517,0.95,0.75,1.383,0.367,0.617,0.133,0.117,0.15,0.217,0.217,0.167,0.167,0.233,0.15,0.333,0.233,0.433,0.067,0.05,0.2,0.133,0.25,0.2,0.25,0.117,0.083,0.05,-0.001,-0.433,-0.183,0.05,0.033,0.88,0.88,0.85,0.74,0.71,0.53,0.32,0.53,0.65,0.68,0.06,0.06,0.06,0.06,0.24,0.97,0.97,0.84,0.5,0.38,0.09,0.06,0.06,0.06,0.06,0.06,0.12,0.06,0.352,0.06,0.06,0.06,0.06,0.88,0.71,0.44,0.12,0.79,1.0,0.32,0.88,0.06,0.85,0.71,0.82,0.12,0.53,0.74,0.56,0.06,0.21,0.06,0.44,0.79,0.12,1.0,0.28,0.61,0.5,1.0,0.97,0.82,0.71,0.65,0.74,0.21,0.06,14.0
20232024,CGY,1.0,2.0,1.0,0.0,0.0,5.0,3.0,other,124.0,0.0,0.0,0.0,,0.0,0.0,,0.0,0.0,0.0,0.0,0.0,west,pacific,top3,0.0,0.0,,0.0,0.0,,,,0.0,0.0,,0.0,0.0,,0.0,0.0,0.0,0.0,0.0,0.0,0.0,0.0,0.0,,,,0.0,0.0,0.0,0.0,,,,,0.0,0.0,0.0,0.0,0.0,0.0,0.0,0.0,0.0,0.0,0.0,0.0,0.0,0.0,0.0,0.0,0.0,0.0,0.0,0.0,0.0,0.0,0.0,0.0,0.0,0.0,0.0,0.0,0.0,0.0,0.0,0.0,0.0,0.0,0.0,0.0,0.0,0.0,0.0,0.0,0.0,0.0,0.0,0.0,0.0,0.0,0.0,0.0,0.0,0.0,0.0,0.0,0.0,0.0,0.0,0.0,0.0,0.0,0.0,0.0,0.0,0.76,0.76,0.5,0.53,,,0.47,0.53,0.56,0.59,,0.53,,,,0.41,0.5,0.44,0.62,0.56,0.47,0.41,0.59,0.65,,0.41,0.65,0.53,,0.41,0.65,0.41,0.47,0.53,0.59,0.65,0.53,0.56,0.5,,,0.5,0.56,0.53,0.53,,,0.5,0.56,0.56,0.5,0.53,0.53,0.74,0.32,0.47,0.59,0.35,0.71,0.47,0.59,,,0.53,0.53,0.65,0.41,0.0
20232024,CHI,2.0,2.0,1.0,1.0,0.0,5.0,5.0,4on5,600.0,0.0,0.0,0.0,,0.16,1.95,0.076,1.0,0.0,1.0,0.0,1.0,west,central,top3,0.0,6.0,0.0,1.0,9.0,0.1,2.0,3.077,4.0,13.0,0.235,4.0,16.0,0.2,4.0,9.0,1.0,0.0,1.0,3.0,3.0,1.0,1.0,,0.25,0.308,0.0,3.0,0.0,4.0,0.0,0.25,0.0,0.188,0.0,0.0,0.0,0.0,4.0,11.0,2.0,0.0,0.0,0.0,0.0,0.0,1.0,0.0,0.0,0.0,-1.79,-9.0,-6.0,0.0,0.0,0.0,0.016,0.195,0.0,0.6,0.1,0.9,0.4,1.3,0.4,1.6,0.4,0.9,0.1,0.0,0.1,0.3,0.3,0.1,0.1,0.4,0.0,0.4,0.0,0.3,0.0,0.0,0.2,0.0,0.0,0.0,0.0,0.0,0.1,0.0,-0.179,-0.9,-0.6,0.0,0.0,0.76,0.76,0.44,0.71,,0.75,0.94,0.29,0.79,0.18,0.47,0.18,0.77,0.56,0.06,0.71,0.44,0.82,0.18,0.79,0.47,0.76,0.18,0.41,0.88,0.94,0.65,0.82,0.2,0.94,0.82,0.88,0.47,0.82,0.82,0.65,0.35,0.68,0.18,0.77,0.29,0.59,0.71,0.24,0.82,0.5,0.81,0.12,0.68,0.68,0.47,0.65,0.53,0.59,0.38,0.71,0.06,0.47,0.62,0.53,0.62,0.68,0.62,0.62,0.47,0.65,0.94,4.0
20232024,CHI,2.0,2.0,1.0,1.0,0.0,5.0,5.0,5on4,840.0,0.0,0.0,0.0,,0.19,0.0,1.0,0.0,0.0,0.0,0.0,1.0,west,central,top3,4.0,0.0,1.0,6.0,0.0,1.0,2.9,,10.0,0.0,1.0,18.0,1.0,0.947,5.0,0.0,2.0,3.0,1.0,0.0,0.0,0.0,1.0,,0.1,,8.0,1.0,5.0,0.0,0.278,0.0,0.444,1.0,1.0,2.0,0.0,0.0,6.0,4.0,1.0,1.0,0.0,0.0,2.0,2.0,1.0,1.0,0.0,0.0,0.19,10.0,4.0,0.0,0.0,0.0,0.014,0.0,0.286,0.0,0.429,0.0,0.714,0.0,1.286,0.071,0.357,0.0,0.143,0.214,0.071,0.0,0.0,0.0,0.071,0.0,0.357,0.0,0.571,0.071,0.071,0.0,0.071,0.071,0.0,0.0,0.143,0.143,0.071,0.071,0.014,0.714,0.286,0.0,0.0,0.76,0.76,0.26,0.35,,0.85,0.06,0.06,0.62,0.85,0.59,0.41,0.69,0.65,,0.15,0.26,0.29,0.26,0.62,0.35,0.12,0.59,0.68,0.85,0.12,0.85,0.24,0.947,0.12,0.71,0.24,0.18,0.71,0.59,0.65,0.71,0.29,0.76,0.12,1.0,0.71,0.59,0.94,0.35,0.88,,0.76,0.47,0.82,0.76,0.53,0.82,0.29,0.47,0.76,0.35,0.94,0.59,0.44,0.76,0.35,0.42,0.59,0.44,0.79,0.06,0.0
20232024,CHI,2.0,2.0,1.0,1.0,0.0,5.0,5.0,5on5,5554.0,5.0,5.0,0.0,0.5,5.63,5.33,0.514,1.026,0.104,0.922,0.078,0.896,west,central,top3,14.0,13.0,0.519,33.0,33.0,0.5,2.486,2.384,73.0,91.0,0.445,96.0,128.0,0.429,48.0,64.0,19.0,24.0,13.0,20.0,40.0,13.0,21.0,,0.29,0.253,23.0,37.0,25.0,27.0,0.26,0.211,0.24,0.289,5.0,10.0,8.0,16.0,29.0,59.0,28.0,14.0,8.0,4.0,30.0,13.0,12.0,2.0,4.0,5.0,0.2999999999999998,-18.0,1.0,0.054,0.054,0.0,0.061,0.058,0.151,0.14,0.356,0.356,0.789,0.983,1.037,1.383,0.519,0.691,0.205,0.259,0.14,0.216,0.432,0.14,0.227,0.248,0.27,0.292,0.248,0.4,0.054,0.086,0.302,0.151,0.086,0.043,0.324,0.14,0.13,0.022,0.003,-0.194,0.011,0.043,0.054,0.76,0.76,0.47,0.53,0.53,0.59,0.71,0.59,0.59,0.47,0.65,0.65,0.53,0.53,0.65,0.65,0.53,0.82,0.53,0.82,0.71,0.5,0.53,0.56,0.24,0.41,0.12,0.24,0.429,0.41,0.12,0.47,0.47,0.47,0.12,0.53,0.59,0.65,0.88,0.65,0.71,0.24,0.76,0.47,0.82,0.41,0.41,0.71,0.41,0.88,0.41,0.76,0.12,1.0,0.35,0.88,0.06,0.74,0.06,0.82,0.41,0.24,0.41,0.24,0.41,0.12,0.41,23.0
20232024,CHI,2.0,2.0,1.0,1.0,0.0,5.0,5.0,all,7200.0,5.0,5.0,0.0,0.5,5.98,7.28,0.451,1.02,0.088,0.932,0.068,0.912,west,central,top3,18.0,19.0,0.486,40.0,42.0,0.488,2.524,2.475,87.0,104.0,0.455,118.0,145.0,0.449,57.0,73.0,22.0,27.0,15.0,23.0,43.0,14.0,23.0,,0.26,0.26,31.0,41.0,30.0,31.0,0.254,0.214,0.263,0.283,8.0,22.0,9.0,16.0,39.0,74.0,31.0,15.0,8.0,4.0,32.0,15.0,14.0,3.0,4.0,5.0,-1.2999999999999998,-17.0,-1.0,0.042,0.042,0.0,0.05,0.061,0.15,0.158,0.333,0.35,0.725,0.867,0.983,1.208,0.475,0.608,0.183,0.225,0.125,0.192,0.358,0.117,0.192,0.225,0.25,0.258,0.258,0.342,0.067,0.075,0.258,0.125,0.067,0.033,0.267,0.125,0.117,0.025,-0.011,-0.142,-0.008,0.033,0.042,0.88,0.88,0.29,0.53,0.53,0.29,0.24,0.29,0.76,0.47,0.47,0.47,0.47,0.47,0.71,0.78,0.66,0.88,0.19,0.41,0.41,0.35,0.53,0.65,0.24,0.35,0.29,0.24,0.449,0.35,0.29,0.38,0.35,0.71,0.18,0.59,0.5,0.59,0.82,0.59,0.59,0.29,0.76,0.59,0.76,0.44,0.59,0.65,0.41,0.97,0.47,0.76,0.24,0.79,0.41,0.94,0.03,1.0,0.09,0.71,0.44,0.18,0.41,0.41,0.44,0.29,0.29,27.0
20232024,CHI,2.0,2.0,1.0,1.0,0.0,5.0,5.0,other,206.0,0.0,0.0,0.0,,0.0,0.0,,0.0,0.0,0.0,0.0,0.0,west,central,top3,0.0,0.0,,0.0,0.0,,,,0.0,0.0,,0.0,0.0,,0.0,0.0,0.0,0.0,0.0,0.0,0.0,0.0,0.0,,,,0.0,0.0,0.0,0.0,,,,,2.0,10.0,1.0,0.0,0.0,0.0,0.0,0.0,0.0,0.0,0.0,0.0,0.0,0.0,0.0,0.0,0.0,0.0,0.0,0.0,0.0,0.0,0.0,0.0,0.0,0.0,0.0,0.0,0.0,0.0,0.0,0.0,0.0,0.0,0.0,0.0,0.0,0.0,0.0,0.0,0.0,0.0,0.0,0.0,0.0,0.0,0.583,0.291,0.0,0.0,0.0,0.0,0.0,0.0,0.0,0.0,0.0,0.0,0.0,0.0,0.0,0.76,0.76,0.5,0.53,,,0.47,0.53,0.56,0.59,,0.53,,,,0.41,0.5,0.44,0.62,0.56,0.47,0.41,0.59,0.65,,0.41,0.65,0.53,,0.41,0.65,0.41,0.47,0.53,0.59,0.65,0.53,0.56,0.5,,,0.5,0.56,0.53,0.53,,,0.5,0.56,0.56,0.5,0.53,0.53,0.29,0.65,0.47,0.59,0.97,0.71,0.47,0.59,,,0.53,0.53,0.65,0.41,0.0
20232024,COL,1.0,2.0,1.0,0.0,0.0,5.0,2.0,4on5,571.0,0.0,0.0,0.0,,0.01,1.76,0.006,1.0,0.0,1.0,0.0,1.0,west,central,top3,0.0,3.0,0.0,0.0,6.0,0.0,,2.615,1.0,13.0,0.071,2.0,21.0,0.087,1.0,11.0,0.0,0.0,0.0,3.0,6.0,1.0,0.0,,0.0,0.154,1.0,8.0,0.0,2.0,0.0,0.095,0.5,0.381,0.0,0.0,0.0,0.0,0.0,8.0,1.0,2.0,4.0,4.0,1.0,0.0,2.0,0.0,0.0,0.0,-1.75,-12.0,-3.0,0.0,0.0,0.0,0.001,0.185,0.0,0.315,0.0,0.63,0.105,1.366,0.21,2.207,0.105,1.156,0.0,0.0,0.0,0.315,0.63,0.105,0.0,0.21,0.0,0.21,0.105,0.841,0.0,0.0,0.105,0.21,0.42,0.42,0.105,0.0,0.21,0.0,-0.184,-1.261,-0.315,0.0,0.0,0.76,0.76,0.44,0.71,,0.44,0.5,0.18,0.79,0.29,0.47,0.59,0.37,,0.94,0.71,0.44,0.82,0.18,0.79,0.47,0.38,0.65,0.76,0.56,0.53,0.53,0.59,0.087,0.53,0.29,0.41,0.47,0.35,0.24,0.59,0.29,0.29,1.0,0.41,0.88,0.29,0.35,0.71,0.59,0.85,0.56,0.88,0.68,0.06,0.88,0.06,0.53,0.59,0.38,0.09,0.15,0.47,0.62,0.18,0.62,0.68,0.18,0.62,0.47,0.41,0.59,2.0
20232024,COL,1.0,2.0,1.0,0.0,0.0,5.0,2.0,5on4,278.0,1.0,0.0,1.0,1.0,4.54,0.0,1.0,0.143,0.143,0.0,0.0,0.857,west,central,top3,3.0,0.0,1.0,3.0,0.0,1.0,2.667,,9.0,0.0,1.0,11.0,0.0,1.0,7.0,0.0,0.0,6.0,0.0,0.0,0.0,0.0,5.0,,0.56,,2.0,0.0,2.0,0.0,0.182,,0.182,,1.0,2.0,1.0,2.0,3.0,3.0,0.0,0.0,0.0,0.0,0.0,0.0,0.0,0.0,0.0,0.0,4.54,9.0,3.0,0.216,0.0,0.216,0.98,0.0,0.647,0.0,0.647,0.0,1.942,0.0,2.374,0.0,1.511,0.0,0.0,1.295,0.0,0.0,0.0,0.0,1.079,0.0,0.432,0.0,0.432,0.0,0.216,0.216,0.0,0.0,0.0,0.0,0.0,0.0,0.0,0.0,0.98,1.942,0.647,0.0,0.0,0.76,0.76,0.82,0.82,0.68,0.85,1.0,1.0,0.62,0.85,0.59,0.94,0.69,0.24,,0.35,0.59,0.29,0.59,0.62,0.94,0.35,0.59,0.68,0.85,0.94,0.85,0.94,1.0,0.88,0.88,0.09,1.0,0.35,0.59,0.65,0.71,0.59,0.38,0.76,,0.35,0.91,0.06,0.35,0.12,,0.38,0.91,0.82,0.38,0.53,0.41,0.06,1.0,0.24,0.59,0.94,0.09,0.44,0.47,0.71,,0.59,0.44,0.79,0.94,0.0
20232024,COL,1.0,2.0,1.0,0.0,0.0,5.0,2.0,5on5,2730.0,4.0,2.0,2.0,0.667,3.31,2.12,0.61,1.058,0.138,0.92,0.08,0.862,west,central,top3,4.0,3.0,0.571,14.0,11.0,0.56,2.278,2.294,36.0,36.0,0.5,47.0,52.0,0.475,29.0,25.0,10.0,14.0,8.0,8.0,19.0,4.0,13.0,,0.36,0.306,11.0,16.0,7.0,11.0,0.149,0.212,0.234,0.308,5.0,10.0,3.0,6.0,28.0,22.0,23.0,3.0,2.0,2.0,16.0,5.0,6.0,5.0,2.0,1.0,1.19,0.0,1.0,0.088,0.044,0.044,0.073,0.047,0.088,0.066,0.308,0.242,0.791,0.791,1.033,1.143,0.637,0.549,0.22,0.308,0.176,0.176,0.418,0.088,0.286,0.242,0.154,0.242,0.242,0.352,0.11,0.066,0.505,0.066,0.044,0.044,0.352,0.11,0.132,0.11,0.026,0.0,0.022,0.044,0.022,0.76,0.76,0.88,0.88,0.82,0.88,0.82,0.94,0.82,0.74,0.82,0.82,0.94,0.18,0.82,0.76,0.76,0.76,0.76,0.76,0.26,0.24,0.88,0.94,0.5,0.53,0.53,0.5,0.475,0.35,0.41,0.62,0.71,0.88,0.18,0.76,0.76,0.71,0.76,0.71,0.76,0.94,0.59,0.12,0.71,0.12,0.71,0.24,0.56,1.0,0.47,0.68,0.79,0.26,0.18,0.82,0.44,0.74,0.85,0.47,0.94,1.0,0.47,0.94,0.5,0.59,0.88,11.0
20232024,COL,1.0,2.0,1.0,0.0,0.0,5.0,2.0,all,3600.0,5.0,2.0,3.0,0.714,7.86,3.89,0.669,1.079,0.135,0.944,0.056,0.865,west,central,top3,7.0,6.0,0.538,17.0,17.0,0.5,2.356,2.383,46.0,49.0,0.484,60.0,73.0,0.451,37.0,36.0,10.0,20.0,8.0,11.0,25.0,5.0,18.0,,0.39,0.265,14.0,24.0,9.0,13.0,0.15,0.178,0.233,0.329,8.0,14.0,6.0,10.0,31.0,33.0,24.0,5.0,6.0,6.0,17.0,5.0,8.0,5.0,2.0,1.0,3.97,-3.0,1.0,0.083,0.033,0.05,0.131,0.065,0.117,0.1,0.283,0.283,0.767,0.817,1.0,1.217,0.617,0.6,0.167,0.333,0.133,0.183,0.417,0.083,0.3,0.217,0.15,0.217,0.233,0.4,0.133,0.1,0.4,0.083,0.1,0.1,0.283,0.083,0.133,0.083,0.066,-0.05,0.017,0.033,0.017,0.88,0.88,0.85,0.91,0.82,1.0,1.0,1.0,0.82,0.29,0.71,0.71,0.56,0.12,0.82,0.88,0.84,0.91,0.38,0.44,0.29,0.21,0.82,0.79,0.47,0.47,0.41,0.44,0.451,0.41,0.21,0.15,0.79,0.79,0.06,0.68,0.76,0.79,0.94,0.65,1.0,0.88,0.71,0.12,0.71,0.06,0.71,0.29,0.76,0.74,0.62,0.15,0.76,0.09,0.71,0.72,0.19,0.92,0.3,0.44,0.97,1.0,0.18,0.94,0.44,0.38,0.79,13.0
20232024,COL,1.0,2.0,1.0,0.0,0.0,5.0,2.0,other,21.0,0.0,0.0,0.0,,0.0,0.0,,0.0,0.0,0.0,0.0,0.0,west,central,top3,0.0,0.0,,0.0,0.0,,,,0.0,0.0,,0.0,0.0,,0.0,0.0,0.0,0.0,0.0,0.0,0.0,0.0,0.0,,,,0.0,0.0,0.0,0.0,,,,,2.0,2.0,2.0,2.0,0.0,0.0,0.0,0.0,0.0,0.0,0.0,0.0,0.0,0.0,0.0,0.0,0.0,0.0,0.0,0.0,0.0,0.0,0.0,0.0,0.0,0.0,0.0,0.0,0.0,0.0,0.0,0.0,0.0,0.0,0.0,0.0,0.0,0.0,0.0,0.0,0.0,0.0,0.0,0.0,0.0,0.0,5.714,5.714,0.0,0.0,0.0,0.0,0.0,0.0,0.0,0.0,0.0,0.0,0.0,0.0,0.0,0.76,0.76,0.5,0.53,,,0.47,0.53,0.56,0.59,,0.53,,,,0.41,0.5,0.44,0.62,0.56,0.47,0.41,0.59,0.65,,0.41,0.65,0.53,,0.41,0.65,0.41,0.47,0.53,0.59,0.65,0.53,0.56,0.5,,,0.5,0.56,0.53,0.53,,,0.5,0.56,0.56,0.5,0.53,0.53,0.09,0.97,0.47,0.59,0.79,0.26,0.47,0.59,,,0.53,0.53,0.65,0.41,0.0
20232024,DAL,0.0,0.0,0.0,0.0,0.0,0.0,0.0,all,0.0,0.0,0.0,0.0,,0.0,0.0,,0.0,0.0,0.0,0.0,0.0,west,central,none,0.0,0.0,,0.0,0.0,,,,0.0,0.0,,0.0,0.0,,0.0,0.0,0.0,0.0,0.0,0.0,0.0,0.0,0.0,,,,0.0,0.0,0.0,0.0,,,,,0.0,0.0,0.0,0.0,0.0,0.0,0.0,0.0,0.0,0.0,0.0,0.0,0.0,0.0,0.0,0.0,0.0,0.0,0.0,,,,,,,,,,,,,,,,,,,,,,,,,,,,,,,,,,,,,,,,,,,0.36,0.38,,,,,,,,,,,,,,0.25,0.25,0.25,0.78,0.78,,,,,,,,,,,,,,,,,,,,,,,,,,,,,,,,,,,,0.25,0.78,0.25,0.78,,,,,,,,,0.0
20232024,DET,0.0,0.0,0.0,0.0,0.0,0.0,0.0,all,0.0,0.0,0.0,0.0,,0.0,0.0,,0.0,0.0,0.0,0.0,0.0,east,atlantic,none,0.0,0.0,,0.0,0.0,,,,0.0,0.0,,0.0,0.0,,0.0,0.0,0.0,0.0,0.0,0.0,0.0,0.0,0.0,,,,0.0,0.0,0.0,0.0,,,,,0.0,0.0,0.0,0.0,0.0,0.0,0.0,0.0,0.0,0.0,0.0,0.0,0.0,0.0,0.0,0.0,0.0,0.0,0.0,,,,,,,,,,,,,,,,,,,,,,,,,,,,,,,,,,,,,,,,,,,0.36,0.38,,,,,,,,,,,,,,0.25,0.25,0.25,0.78,0.78,,,,,,,,,,,,,,,,,,,,,,,,,,,,,,,,,,,,0.25,0.78,0.25,0.78,,,,,,,,,0.0
20232024,EDM,1.0,0.0,0.0,1.0,0.0,1.0,8.0,4on5,564.0,0.0,3.0,-3.0,0.0,0.02,1.28,0.015,0.769,0.0,0.769,0.231,1.0,west,pacific,none,0.0,4.0,0.0,0.0,13.0,0.0,1.0,3.0,1.0,16.0,0.059,2.0,20.0,0.091,1.0,13.0,0.0,0.0,1.0,9.0,2.0,1.0,1.0,,1.0,0.125,1.0,4.0,0.0,3.0,0.0,0.15,0.5,0.2,0.0,0.0,0.0,0.0,5.0,8.0,1.0,1.0,0.0,0.0,2.0,1.0,1.0,0.0,0.0,1.0,-1.26,-15.0,-4.0,0.0,0.319,-0.319,0.002,0.136,0.0,0.426,0.0,1.383,0.106,1.702,0.213,2.128,0.106,1.383,0.0,0.0,0.106,0.957,0.213,0.106,0.106,0.213,0.0,0.319,0.106,0.426,0.0,0.0,0.106,0.106,0.0,0.0,0.213,0.106,0.106,0.0,-0.134,-1.596,-0.426,0.0,0.106,0.24,0.26,0.44,0.12,0.41,0.5,0.59,0.41,0.12,0.41,0.47,0.41,0.37,0.19,0.25,0.24,0.44,0.24,0.18,0.18,0.47,0.38,0.47,0.12,0.44,0.59,0.24,0.35,0.091,0.59,0.35,0.41,0.47,0.88,0.88,0.06,0.24,0.24,0.41,0.41,0.35,0.35,0.12,0.18,0.65,0.2,0.44,0.29,0.24,0.68,0.53,0.65,0.53,0.59,0.38,0.82,0.15,0.47,0.62,0.24,0.62,0.68,0.24,0.12,0.47,0.18,0.65,2.0
20232024,EDM,1.0,0.0,0.0,1.0,0.0,1.0,8.0,5on4,312.0,1.0,0.0,1.0,1.0,0.6,0.0,1.0,0.143,0.143,0.0,0.0,0.857,west,pacific,none,2.0,0.0,1.0,4.0,0.0,1.0,2.667,,9.0,0.0,1.0,13.0,0.0,1.0,7.0,0.0,2.0,5.0,0.0,0.0,0.0,0.0,1.0,,0.11,,4.0,0.0,2.0,0.0,0.154,,0.308,,1.0,0.0,0.0,0.0,4.0,1.0,0.0,0.0,0.0,0.0,1.0,1.0,0.0,0.0,0.0,0.0,0.6,9.0,2.0,0.192,0.0,0.192,0.115,0.0,0.385,0.0,0.769,0.0,1.731,0.0,2.5,0.0,1.346,0.0,0.385,0.962,0.0,0.0,0.0,0.0,0.192,0.0,0.385,0.0,0.769,0.0,0.192,0.0,0.0,0.0,0.0,0.0,0.192,0.192,0.0,0.0,0.115,1.731,0.385,0.0,0.0,0.24,0.26,0.76,0.76,0.68,0.85,0.47,0.47,0.62,0.85,0.59,0.59,0.69,0.24,,0.35,0.59,0.29,0.59,0.62,0.53,0.47,0.59,0.68,0.85,0.88,0.85,0.88,1.0,0.94,0.88,0.47,0.94,0.35,0.59,0.65,0.71,0.12,0.38,0.32,,0.35,0.47,0.59,0.35,0.76,,0.38,0.24,0.82,0.38,0.53,0.41,0.12,0.47,0.35,0.88,0.44,0.59,0.44,0.53,0.79,,0.59,0.44,0.79,0.82,0.0
20232024,EDM,1.0,0.0,0.0,1.0,0.0,1.0,8.0,5on5,2715.0,0.0,5.0,-5.0,0.0,1.64,2.58,0.389,0.737,0.0,0.737,0.263,1.0,west,pacific,none,4.0,8.0,0.333,12.0,14.0,0.462,2.31,2.731,30.0,27.0,0.526,40.0,34.0,0.541,19.0,19.0,8.0,10.0,7.0,6.0,9.0,3.0,7.0,,0.23,0.148,10.0,7.0,11.0,8.0,0.275,0.235,0.25,0.206,6.0,12.0,5.0,8.0,26.0,19.0,20.0,0.0,5.0,3.0,19.0,5.0,6.0,5.0,0.0,2.0,-0.9400000000000002,3.0,-4.0,0.0,0.11,-0.11,0.036,0.057,0.088,0.177,0.265,0.309,0.663,0.597,0.884,0.751,0.42,0.42,0.177,0.221,0.155,0.133,0.199,0.066,0.155,0.088,0.243,0.177,0.221,0.155,0.133,0.11,0.442,0.0,0.11,0.066,0.42,0.11,0.133,0.11,-0.021,0.066,-0.088,0.0,0.044,0.24,0.26,0.06,0.06,0.06,0.12,0.06,0.29,0.06,0.53,0.18,0.18,0.18,0.29,0.12,0.06,0.06,0.06,0.06,0.06,0.26,0.18,0.29,0.76,0.71,0.24,0.88,0.71,0.541,0.24,0.94,0.35,0.29,0.76,0.76,0.94,0.94,0.76,0.12,0.53,0.24,0.71,0.47,0.76,0.06,0.76,0.12,0.06,0.56,0.76,0.53,0.53,0.79,0.18,0.79,0.65,0.71,0.97,0.59,0.24,0.53,0.12,0.59,0.59,0.06,0.79,0.21,4.0
20232024,EDM,1.0,0.0,0.0,1.0,0.0,1.0,8.0,all,3600.0,1.0,8.0,-7.0,0.111,2.26,3.86,0.369,0.787,0.037,0.75,0.25,0.963,west,pacific,none,6.0,12.0,0.333,16.0,27.0,0.372,2.359,2.833,40.0,43.0,0.482,55.0,54.0,0.505,27.0,32.0,10.0,15.0,8.0,15.0,11.0,4.0,9.0,,0.22,0.14,15.0,11.0,13.0,11.0,0.236,0.204,0.273,0.204,7.0,12.0,5.0,8.0,35.0,28.0,21.0,1.0,5.0,3.0,22.0,7.0,7.0,5.0,0.0,3.0,-1.6,-3.0,-6.0,0.017,0.133,-0.117,0.038,0.064,0.1,0.2,0.267,0.45,0.667,0.717,0.917,0.9,0.45,0.533,0.167,0.25,0.133,0.25,0.183,0.067,0.15,0.1,0.217,0.183,0.25,0.183,0.117,0.083,0.35,0.017,0.083,0.05,0.367,0.117,0.117,0.083,-0.027,-0.05,-0.1,0.0,0.05,0.36,0.38,0.09,0.06,0.06,0.12,0.06,0.12,0.06,0.38,0.15,0.12,0.12,0.18,0.06,0.5,0.53,0.5,0.06,0.03,0.21,0.12,0.15,0.21,0.41,0.18,0.71,0.44,0.505,0.24,0.82,0.15,0.47,0.79,0.76,0.26,0.85,0.65,0.15,0.53,0.18,0.71,0.29,0.79,0.06,0.76,0.09,0.06,0.56,0.85,0.47,0.65,0.76,0.18,0.5,0.89,0.36,0.88,0.42,0.18,0.68,0.41,0.29,0.26,0.06,0.59,0.18,6.0
20232024,EDM,1.0,0.0,0.0,1.0,0.0,1.0,8.0,other,9.0,0.0,0.0,0.0,,0.0,0.0,,0.0,0.0,0.0,0.0,0.0,west,pacific,none,0.0,0.0,,0.0,0.0,,,,0.0,0.0,,0.0,0.0,,0.0,0.0,0.0,0.0,0.0,0.0,0.0,0.0,0.0,,,,0.0,0.0,0.0,0.0,,,,,0.0,0.0,0.0,0.0,0.0,0.0,0.0,0.0,0.0,0.0,0.0,0.0,0.0,0.0,0.0,0.0,0.0,0.0,0.0,0.0,0.0,0.0,0.0,0.0,0.0,0.0,0.0,0.0,0.0,0.0,0.0,0.0,0.0,0.0,0.0,0.0,0.0,0.0,0.0,0.0,0.0,0.0,0.0,0.0,0.0,0.0,0.0,0.0,0.0,0.0,0.0,0.0,0.0,0.0,0.0,0.0,0.0,0.0,0.0,0.0,0.0,0.24,0.26,0.5,0.53,,,0.47,0.53,0.56,0.59,,0.53,,,,0.41,0.5,0.44,0.62,0.56,0.47,0.41,0.59,0.65,,0.41,0.65,0.53,,0.41,0.65,0.41,0.47,0.53,0.59,0.65,0.53,0.56,0.5,,,0.5,0.56,0.53,0.53,,,0.5,0.56,0.56,0.5,0.53,0.53,0.74,0.32,0.47,0.59,0.35,0.71,0.47,0.59,,,0.53,0.53,0.65,0.41,0.0
20232024,FLA,0.0,0.0,0.0,0.0,0.0,0.0,0.0,all,0.0,0.0,0.0,0.0,,0.0,0.0,,0.0,0.0,0.0,0.0,0.0,east,atlantic,none,0.0,0.0,,0.0,0.0,,,,0.0,0.0,,0.0,0.0,,0.0,0.0,0.0,0.0,0.0,0.0,0.0,0.0,0.0,,,,0.0,0.0,0.0,0.0,,,,,0.0,0.0,0.0,0.0,0.0,0.0,0.0,0.0,0.0,0.0,0.0,0.0,0.0,0.0,0.0,0.0,0.0,0.0,0.0,,,,,,,,,,,,,,,,,,,,,,,,,,,,,,,,,,,,,,,,,,,0.36,0.38,,,,,,,,,,,,,,0.25,0.25,0.25,0.78,0.78,,,,,,,,,,,,,,,,,,,,,,,,,,,,,,,,,,,,0.25,0.78,0.25,0.78,,,,,,,,,0.0
20232024,LAK,1.0,0.0,0.0,1.0,0.0,2.0,5.0,4on5,278.0,0.0,1.0,-1.0,0.0,0.0,4.54,0.0,0.857,0.0,0.857,0.143,0.0,west,pacific,none,0.0,3.0,0.0,0.0,3.0,0.0,,2.667,0.0,9.0,0.0,0.0,11.0,0.0,0.0,7.0,0.0,0.0,0.0,0.0,6.0,0.0,0.0,,,0.556,0.0,2.0,0.0,2.0,,0.182,,0.182,1.0,2.0,1.0,2.0,3.0,3.0,0.0,0.0,0.0,0.0,0.0,0.0,0.0,0.0,0.0,0.0,-4.54,-9.0,-3.0,0.0,0.216,-0.216,0.0,0.98,0.0,0.647,0.0,0.647,0.0,1.942,0.0,2.374,0.0,1.511,0.0,0.0,0.0,0.0,1.295,0.0,0.0,1.079,0.0,0.432,0.0,0.432,0.216,0.216,0.0,0.0,0.0,0.0,0.0,0.0,0.0,0.0,-0.98,-1.942,-0.647,0.0,0.0,0.24,0.26,0.44,0.24,0.41,0.22,0.24,0.06,0.24,0.06,0.47,0.06,0.37,,0.81,0.47,0.44,0.53,0.74,0.47,0.47,0.38,0.06,0.71,0.22,0.24,0.12,0.12,0.0,0.21,0.18,0.41,0.47,0.35,0.06,0.94,0.71,0.68,0.47,,0.24,0.15,0.71,0.71,1.0,,0.94,0.12,0.68,0.68,0.24,0.65,0.53,0.06,1.0,0.44,0.76,0.97,0.12,0.59,0.62,,0.41,0.62,0.47,0.12,0.29,5.0
20232024,LAK,1.0,0.0,0.0,1.0,0.0,2.0,5.0,5on4,571.0,0.0,0.0,0.0,,1.76,0.01,0.994,1.0,0.0,1.0,0.0,1.0,west,pacific,none,3.0,0.0,1.0,6.0,0.0,1.0,2.615,,13.0,1.0,0.929,21.0,2.0,0.913,11.0,1.0,3.0,6.0,1.0,0.0,0.0,0.0,2.0,,0.15,0.0,8.0,1.0,2.0,0.0,0.095,0.0,0.381,0.5,0.0,0.0,0.0,0.0,8.0,0.0,1.0,0.0,2.0,0.0,1.0,2.0,4.0,4.0,0.0,0.0,1.75,12.0,3.0,0.0,0.0,0.0,0.185,0.001,0.315,0.0,0.63,0.0,1.366,0.105,2.207,0.21,1.156,0.105,0.315,0.63,0.105,0.0,0.0,0.0,0.21,0.0,0.21,0.0,0.841,0.105,0.0,0.0,0.105,0.0,0.21,0.0,0.105,0.21,0.42,0.42,0.184,1.261,0.315,0.0,0.0,0.24,0.26,0.26,0.35,,0.65,0.76,0.82,0.62,0.62,0.59,0.47,0.69,0.12,,0.76,0.26,0.85,0.26,0.62,0.41,0.29,0.59,0.68,0.53,0.47,0.59,0.47,0.913,0.76,0.59,0.41,0.82,0.76,0.59,0.65,0.71,0.06,0.82,0.18,0.71,0.76,0.76,0.53,0.35,0.53,0.27,0.38,0.18,0.24,1.0,0.53,1.0,0.68,0.47,0.97,0.97,0.44,0.59,0.44,0.94,0.94,0.42,0.59,0.44,0.53,0.65,0.0
20232024,LAK,1.0,0.0,0.0,1.0,0.0,2.0,5.0,5on5,2730.0,2.0,4.0,-2.0,0.333,2.12,3.31,0.39,0.942,0.08,0.862,0.138,0.92,west,pacific,none,3.0,4.0,0.429,11.0,14.0,0.44,2.294,2.278,36.0,36.0,0.5,52.0,47.0,0.525,25.0,29.0,8.0,19.0,4.0,10.0,14.0,8.0,11.0,,0.31,0.361,16.0,11.0,11.0,7.0,0.212,0.149,0.308,0.234,3.0,6.0,5.0,10.0,22.0,28.0,16.0,5.0,6.0,5.0,23.0,3.0,2.0,2.0,1.0,2.0,-1.19,0.0,-1.0,0.044,0.088,-0.044,0.047,0.073,0.066,0.088,0.242,0.308,0.791,0.791,1.143,1.033,0.549,0.637,0.176,0.418,0.088,0.22,0.308,0.176,0.242,0.286,0.242,0.154,0.352,0.242,0.066,0.11,0.352,0.11,0.132,0.11,0.505,0.066,0.044,0.044,-0.026,0.0,-0.022,0.022,0.044,0.24,0.26,0.21,0.21,0.21,0.18,0.26,0.18,0.21,0.29,0.26,0.29,0.12,0.24,0.88,0.35,0.24,0.29,0.24,0.29,0.18,0.12,0.79,0.82,0.5,0.53,0.53,0.5,0.525,0.65,0.65,0.29,0.88,0.29,0.35,0.44,0.18,0.29,0.41,0.35,0.35,0.41,0.12,0.29,0.88,0.26,0.94,0.5,0.82,0.62,0.09,0.26,0.38,0.94,0.79,0.5,0.18,0.12,0.35,0.12,0.59,0.59,0.06,0.59,0.18,0.24,0.47,13.0
20232024,LAK,1.0,0.0,0.0,1.0,0.0,2.0,5.0,all,3600.0,2.0,5.0,-3.0,0.286,3.89,7.86,0.331,0.921,0.056,0.865,0.135,0.944,west,pacific,none,6.0,7.0,0.462,17.0,17.0,0.5,2.383,2.356,49.0,46.0,0.516,73.0,60.0,0.549,36.0,37.0,11.0,25.0,5.0,10.0,20.0,8.0,13.0,,0.27,0.391,24.0,14.0,13.0,9.0,0.178,0.15,0.329,0.233,6.0,10.0,8.0,14.0,33.0,31.0,17.0,5.0,8.0,5.0,24.0,5.0,6.0,6.0,1.0,2.0,-3.97,3.0,-1.0,0.033,0.083,-0.05,0.065,0.131,0.1,0.117,0.283,0.283,0.817,0.767,1.217,1.0,0.6,0.617,0.183,0.417,0.083,0.167,0.333,0.133,0.217,0.3,0.217,0.15,0.4,0.233,0.1,0.133,0.283,0.083,0.133,0.083,0.4,0.083,0.1,0.1,-0.066,0.05,-0.017,0.017,0.033,0.36,0.38,0.21,0.15,0.18,0.06,0.79,0.06,0.21,0.06,0.35,0.35,0.56,0.24,0.94,0.62,0.59,0.66,0.12,0.19,0.21,0.21,0.71,0.79,0.59,0.68,0.59,0.62,0.549,0.82,0.65,0.38,1.0,0.29,0.26,0.88,0.29,0.18,0.32,0.12,0.35,0.35,0.18,0.32,0.94,0.35,1.0,0.29,0.76,0.47,0.32,0.29,0.91,0.32,0.97,0.78,0.25,0.77,0.14,0.09,0.68,0.88,0.06,0.65,0.15,0.21,0.71,18.0
20232024,LAK,1.0,0.0,0.0,1.0,0.0,2.0,5.0,other,21.0,0.0,0.0,0.0,,0.0,0.0,,0.0,0.0,0.0,0.0,0.0,west,pacific,none,0.0,0.0,,0.0,0.0,,,,0.0,0.0,,0.0,0.0,,0.0,0.0,0.0,0.0,0.0,0.0,0.0,0.0,0.0,,,,0.0,0.0,0.0,0.0,,,,,2.0,2.0,2.0,2.0,0.0,0.0,0.0,0.0,0.0,0.0,0.0,0.0,0.0,0.0,0.0,0.0,0.0,0.0,0.0,0.0,0.0,0.0,0.0,0.0,0.0,0.0,0.0,0.0,0.0,0.0,0.0,0.0,0.0,0.0,0.0,0.0,0.0,0.0,0.0,0.0,0.0,0.0,0.0,0.0,0.0,0.0,5.714,5.714,0.0,0.0,0.0,0.0,0.0,0.0,0.0,0.0,0.0,0.0,0.0,0.0,0.0,0.24,0.26,0.5,0.53,,,0.47,0.53,0.56,0.59,,0.53,,,,0.41,0.5,0.44,0.62,0.56,0.47,0.41,0.59,0.65,,0.41,0.65,0.53,,0.41,0.65,0.41,0.47,0.53,0.59,0.65,0.53,0.56,0.5,,,0.5,0.56,0.53,0.53,,,0.5,0.56,0.56,0.5,0.53,0.53,0.09,0.97,0.47,0.59,0.79,0.26,0.47,0.59,,,0.53,0.53,0.65,0.41,0.0
20232024,MIN,0.0,0.0,0.0,0.0,0.0,0.0,0.0,all,0.0,0.0,0.0,0.0,,0.0,0.0,,0.0,0.0,0.0,0.0,0.0,west,central,none,0.0,0.0,,0.0,0.0,,,,0.0,0.0,,0.0,0.0,,0.0,0.0,0.0,0.0,0.0,0.0,0.0,0.0,0.0,,,,0.0,0.0,0.0,0.0,,,,,0.0,0.0,0.0,0.0,0.0,0.0,0.0,0.0,0.0,0.0,0.0,0.0,0.0,0.0,0.0,0.0,0.0,0.0,0.0,,,,,,,,,,,,,,,,,,,,,,,,,,,,,,,,,,,,,,,,,,,0.36,0.38,,,,,,,,,,,,,,0.25,0.25,0.25,0.78,0.78,,,,,,,,,,,,,,,,,,,,,,,,,,,,,,,,,,,,0.25,0.78,0.25,0.78,,,,,,,,,0.0
20232024,MTL,1.0,1.0,0.0,0.0,1.0,5.0,6.0,4on5,331.0,0.0,2.0,-2.0,0.0,0.0,0.92,0.0,0.714,0.0,0.714,0.286,0.0,east,atlantic,none,0.0,1.0,0.0,0.0,5.0,0.0,,2.667,0.0,9.0,0.0,0.0,13.0,0.0,0.0,7.0,0.0,0.0,0.0,4.0,4.0,0.0,0.0,,,0.111,0.0,4.0,0.0,2.0,,0.154,,0.308,0.0,0.0,1.0,2.0,6.0,1.0,0.0,1.0,1.0,0.0,0.0,0.0,1.0,0.0,0.0,0.0,-0.92,-9.0,-1.0,0.0,0.363,-0.363,0.0,0.167,0.0,0.181,0.0,0.906,0.0,1.631,0.0,2.356,0.0,1.269,0.0,0.0,0.0,0.725,0.725,0.0,0.0,0.181,0.0,0.363,0.0,0.725,0.0,0.181,0.0,0.181,0.181,0.0,0.0,0.0,0.181,0.0,-0.167,-1.631,-0.181,0.0,0.0,0.47,0.26,0.44,0.06,0.41,0.22,0.24,0.35,0.06,0.35,0.47,0.82,0.37,,0.81,0.18,0.44,0.18,0.74,0.12,0.47,0.38,0.82,0.35,0.22,0.24,0.41,0.29,0.0,0.21,0.24,0.41,0.47,0.35,0.18,0.24,0.71,0.68,0.82,,0.68,0.15,0.71,0.71,0.35,,0.31,0.65,0.68,0.24,0.76,0.65,0.53,0.59,0.88,0.91,0.94,0.47,0.12,0.29,0.62,,0.32,0.62,0.47,0.29,0.29,1.0
20232024,MTL,1.0,1.0,0.0,0.0,1.0,5.0,6.0,5on4,359.0,1.0,0.0,1.0,1.0,0.43,0.02,0.956,1.333,0.333,1.0,0.0,0.667,east,atlantic,none,0.0,0.0,,0.0,0.0,,2.0,,3.0,2.0,0.6,6.0,2.0,0.75,3.0,2.0,0.0,3.0,0.0,0.0,0.0,0.0,2.0,,0.67,0.0,3.0,0.0,0.0,0.0,0.0,0.0,0.5,0.0,1.0,0.0,0.0,0.0,0.0,4.0,1.0,1.0,0.0,0.0,2.0,0.0,0.0,0.0,0.0,0.0,0.41,1.0,0.0,0.167,0.0,0.167,0.072,0.003,0.0,0.0,0.0,0.0,0.501,0.334,1.003,0.334,0.501,0.334,0.0,0.501,0.0,0.0,0.0,0.0,0.334,0.0,0.0,0.0,0.501,0.0,0.167,0.0,0.167,0.167,0.0,0.0,0.334,0.0,0.0,0.0,0.069,0.167,0.0,0.0,0.0,0.47,0.26,0.65,0.65,0.68,0.35,0.35,0.35,0.62,0.41,,0.06,,0.06,,1.0,1.0,0.85,1.0,0.62,0.06,0.06,0.59,0.68,0.06,0.06,0.18,0.06,0.75,0.06,0.24,0.09,0.53,0.35,0.59,0.65,0.71,0.41,0.38,0.06,0.33,0.88,0.18,0.35,0.35,0.06,0.27,1.0,0.91,0.82,0.38,0.53,0.41,0.24,0.47,0.06,0.35,0.44,0.59,0.44,1.0,1.0,0.42,0.59,0.44,0.18,0.18,0.0
20232024,MTL,1.0,1.0,0.0,0.0,1.0,5.0,6.0,5on5,3036.0,4.0,3.0,1.0,0.571,2.17,2.4,0.475,1.111,0.211,0.9,0.1,0.789,east,atlantic,none,7.0,6.0,0.538,16.0,18.0,0.471,2.769,2.526,29.0,40.0,0.42,40.0,53.0,0.43,19.0,30.0,9.0,7.0,3.0,12.0,16.0,4.0,5.0,,0.17,0.175,11.0,13.0,10.0,10.0,0.25,0.189,0.275,0.245,5.0,10.0,4.0,6.0,19.0,20.0,35.0,5.0,8.0,5.0,25.0,10.0,12.0,5.0,2.0,4.0,-0.22999999999999998,-11.0,1.0,0.079,0.059,0.02,0.043,0.047,0.138,0.119,0.316,0.356,0.573,0.791,0.791,1.047,0.375,0.593,0.178,0.138,0.059,0.237,0.316,0.079,0.099,0.138,0.198,0.198,0.217,0.257,0.099,0.079,0.692,0.099,0.158,0.099,0.494,0.198,0.237,0.099,-0.005,-0.217,0.02,0.04,0.079,0.47,0.26,0.82,0.71,0.71,0.41,0.18,0.41,0.53,0.74,0.74,0.71,0.38,1.0,0.53,0.88,0.88,0.53,0.88,0.53,0.47,0.35,0.71,0.56,0.18,0.12,0.53,0.18,0.43,0.18,0.59,0.41,0.12,0.06,0.29,0.24,0.82,0.82,0.47,0.41,0.41,1.0,0.18,0.91,0.24,0.88,0.24,0.38,0.24,0.41,0.82,0.38,0.68,0.38,0.29,0.24,0.59,0.74,0.85,0.32,0.74,0.29,0.24,0.12,0.35,0.35,0.12,7.0
20232024,MTL,1.0,1.0,0.0,0.0,1.0,5.0,6.0,all,3900.0,5.0,5.0,0.0,0.5,2.66,3.7,0.418,1.086,0.2,0.886,0.114,0.8,east,atlantic,none,10.0,11.0,0.476,21.0,28.0,0.429,2.8,2.66,38.0,57.0,0.4,54.0,74.0,0.422,25.0,44.0,11.0,11.0,3.0,17.0,21.0,4.0,7.0,,0.18,0.14,16.0,17.0,13.0,13.0,0.241,0.176,0.296,0.23,7.0,20.0,6.0,10.0,28.0,26.0,37.0,8.0,10.0,5.0,27.0,10.0,13.0,5.0,2.0,4.0,-1.04,-19.0,-1.0,0.077,0.077,0.0,0.041,0.057,0.154,0.169,0.323,0.431,0.585,0.877,0.831,1.138,0.385,0.677,0.169,0.169,0.046,0.262,0.323,0.062,0.108,0.123,0.2,0.2,0.246,0.262,0.108,0.092,0.569,0.123,0.154,0.077,0.415,0.154,0.2,0.077,-0.016,-0.292,-0.015,0.031,0.062,0.72,0.38,0.68,0.53,0.53,0.24,0.15,0.24,0.38,0.68,0.41,0.41,0.18,0.94,0.29,0.91,0.94,0.72,0.47,0.25,0.53,0.29,0.41,0.29,0.12,0.12,0.24,0.12,0.422,0.12,0.41,0.24,0.18,0.06,0.35,0.18,0.94,0.71,0.53,0.41,0.29,1.0,0.12,0.94,0.18,0.88,0.09,0.59,0.24,0.29,0.82,0.44,0.62,0.24,0.59,0.61,0.42,0.97,0.3,0.29,0.79,0.29,0.12,0.12,0.24,0.12,0.12,8.0
20232024,MTL,1.0,1.0,0.0,0.0,1.0,5.0,6.0,other,174.0,0.0,0.0,0.0,,0.06,0.37,0.14,1.0,0.0,1.0,0.0,1.0,east,atlantic,none,3.0,4.0,0.429,5.0,5.0,0.5,3.333,3.5,6.0,6.0,0.5,8.0,6.0,0.571,3.0,5.0,2.0,1.0,0.0,1.0,1.0,0.0,0.0,,0.0,0.0,2.0,0.0,3.0,1.0,0.375,0.167,0.25,0.0,1.0,10.0,1.0,2.0,3.0,1.0,1.0,1.0,1.0,0.0,0.0,0.0,0.0,0.0,0.0,0.0,-0.31,0.0,-1.0,0.0,0.0,0.0,0.021,0.128,1.034,1.379,1.724,1.724,2.069,2.069,2.759,2.069,1.034,1.724,0.69,0.345,0.0,0.345,0.345,0.0,0.0,0.0,1.034,0.345,0.69,0.0,0.345,0.345,0.345,0.345,0.345,0.0,0.0,0.0,0.0,0.0,-0.107,0.0,-0.345,0.0,0.0,0.47,0.26,0.5,0.53,,0.5,0.94,0.06,0.56,0.06,0.5,0.06,0.58,0.75,0.25,0.91,0.5,0.94,0.12,0.56,0.94,0.97,0.06,0.09,0.58,0.97,0.09,0.53,0.571,1.0,0.12,0.94,0.97,0.53,0.09,0.24,0.53,0.06,0.5,0.25,0.5,1.0,0.56,0.53,0.53,0.62,0.62,1.0,0.56,0.06,0.5,0.53,0.53,0.38,0.74,1.0,0.12,0.97,0.26,0.94,0.06,0.25,0.75,0.53,0.53,0.06,0.88,0.0
20232024,NJD,0.0,0.0,0.0,0.0,0.0,0.0,0.0,all,0.0,0.0,0.0,0.0,,0.0,0.0,,0.0,0.0,0.0,0.0,0.0,east,metro,none,0.0,0.0,,0.0,0.0,,,,0.0,0.0,,0.0,0.0,,0.0,0.0,0.0,0.0,0.0,0.0,0.0,0.0,0.0,,,,0.0,0.0,0.0,0.0,,,,,0.0,0.0,0.0,0.0,0.0,0.0,0.0,0.0,0.0,0.0,0.0,0.0,0.0,0.0,0.0,0.0,0.0,0.0,0.0,,,,,,,,,,,,,,,,,,,,,,,,,,,,,,,,,,,,,,,,,,,0.36,0.38,,,,,,,,,,,,,,0.25,0.25,0.25,0.78,0.78,,,,,,,,,,,,,,,,,,,,,,,,,,,,,,,,,,,,0.25,0.78,0.25,0.78,,,,,,,,,0.0
20232024,NSH,1.0,0.0,0.0,1.0,0.0,3.0,5.0,4on5,475.0,0.0,2.0,-2.0,0.0,0.04,1.48,0.026,0.8,0.0,0.8,0.2,1.0,west,central,none,0.0,4.0,0.0,1.0,9.0,0.1,2.0,3.0,2.0,13.0,0.133,2.0,15.0,0.118,1.0,10.0,1.0,0.0,1.0,5.0,4.0,0.0,1.0,,0.5,0.231,0.0,2.0,1.0,3.0,0.5,0.2,0.0,0.133,0.0,0.0,0.0,0.0,3.0,6.0,0.0,1.0,0.0,0.0,0.0,0.0,1.0,0.0,0.0,0.0,-1.44,-11.0,-4.0,0.0,0.253,-0.253,0.005,0.187,0.0,0.505,0.126,1.137,0.253,1.642,0.253,1.895,0.126,1.263,0.126,0.0,0.126,0.632,0.505,0.0,0.126,0.379,0.126,0.379,0.0,0.253,0.0,0.0,0.0,0.126,0.0,0.0,0.0,0.0,0.126,0.0,-0.182,-1.389,-0.505,0.0,0.0,0.24,0.26,0.44,0.18,0.41,0.56,0.71,0.24,0.18,0.24,0.47,0.29,0.77,0.56,0.25,0.29,0.44,0.29,0.18,0.24,0.47,0.88,0.29,0.18,0.81,0.82,0.35,0.41,0.118,0.71,0.53,0.94,0.47,1.0,0.47,0.35,0.71,0.68,0.12,0.77,0.12,0.15,0.71,0.12,0.76,0.4,0.75,0.53,0.68,0.68,0.65,0.65,0.53,0.59,0.38,0.44,0.29,0.47,0.62,0.41,0.12,0.18,0.47,0.62,0.47,0.35,0.76,3.0
20232024,NSH,1.0,0.0,0.0,1.0,0.0,3.0,5.0,5on4,462.0,1.0,0.0,1.0,1.0,0.52,0.09,0.852,0.143,0.143,0.0,0.0,0.857,west,central,none,2.0,0.0,1.0,7.0,1.0,0.875,2.818,3.0,11.0,1.0,0.917,15.0,1.0,0.938,7.0,0.0,5.0,4.0,0.0,1.0,0.0,0.0,1.0,,0.09,0.0,4.0,0.0,4.0,1.0,0.267,1.0,0.267,0.0,0.0,0.0,0.0,0.0,4.0,3.0,0.0,0.0,1.0,0.0,4.0,2.0,0.0,0.0,0.0,1.0,0.43000000000000005,10.0,2.0,0.13,0.0,0.13,0.068,0.012,0.26,0.0,0.909,0.13,1.429,0.13,1.948,0.13,0.909,0.0,0.649,0.519,0.0,0.13,0.0,0.0,0.13,0.0,0.519,0.13,0.519,0.0,0.0,0.0,0.0,0.0,0.13,0.0,0.519,0.26,0.0,0.0,0.056,1.299,0.26,0.0,0.13,0.24,0.26,0.59,0.59,0.68,0.24,0.29,0.29,0.62,0.24,0.59,0.24,0.25,0.53,0.25,0.35,0.59,0.29,0.59,0.62,0.24,0.71,0.59,0.18,0.47,0.53,0.41,0.59,0.938,0.65,0.65,0.76,0.65,0.35,0.59,0.12,0.71,0.35,0.38,0.53,0.33,0.35,0.06,0.82,0.35,0.94,0.27,0.38,0.06,0.41,0.38,0.53,0.41,0.68,0.47,0.35,0.59,0.44,0.59,1.0,0.24,0.41,1.0,0.06,0.44,0.79,0.44,0.0
20232024,NSH,1.0,0.0,0.0,1.0,0.0,3.0,5.0,5on5,2499.0,2.0,2.0,0.0,0.5,3.79,2.3,0.622,1.0,0.087,0.913,0.087,0.913,west,central,none,8.0,1.0,0.889,15.0,17.0,0.469,2.531,2.353,33.0,35.0,0.485,48.0,44.0,0.522,23.0,23.0,7.0,11.0,6.0,16.0,11.0,6.0,10.0,,0.3,0.257,15.0,9.0,10.0,12.0,0.208,0.273,0.312,0.205,6.0,10.0,4.0,8.0,19.0,25.0,18.0,9.0,6.0,1.0,14.0,6.0,7.0,1.0,4.0,2.0,1.4900000000000002,-2.0,7.0,0.048,0.048,0.0,0.091,0.055,0.192,0.024,0.36,0.408,0.792,0.84,1.152,1.056,0.552,0.552,0.168,0.264,0.144,0.384,0.264,0.144,0.24,0.216,0.24,0.288,0.36,0.216,0.144,0.096,0.432,0.216,0.144,0.024,0.336,0.144,0.168,0.024,0.036,-0.048,0.168,0.096,0.048,0.24,0.26,0.32,0.53,0.53,1.0,1.0,1.0,0.74,0.59,1.0,0.94,0.26,0.65,0.71,0.5,0.32,0.68,0.32,0.68,0.82,0.59,1.0,0.24,0.35,0.65,0.29,0.35,0.522,0.71,0.53,0.24,0.56,0.56,0.5,0.06,0.5,0.24,0.24,0.29,0.18,0.65,0.71,0.35,0.47,0.35,0.47,0.88,0.35,0.47,0.71,0.85,0.21,0.12,0.47,0.24,0.35,0.74,0.59,0.76,0.65,0.65,0.82,0.41,1.0,0.5,0.56,9.0
20232024,NSH,1.0,0.0,0.0,1.0,0.0,3.0,5.0,all,3600.0,3.0,5.0,-2.0,0.375,4.34,3.87,0.529,0.95,0.097,0.853,0.147,0.903,west,central,none,10.0,5.0,0.667,23.0,28.0,0.451,2.578,2.551,46.0,50.0,0.479,65.0,61.0,0.516,31.0,34.0,13.0,15.0,7.0,23.0,15.0,6.0,12.0,,0.26,0.24,19.0,11.0,15.0,16.0,0.231,0.262,0.292,0.18,6.0,10.0,4.0,8.0,26.0,34.0,18.0,10.0,7.0,1.0,18.0,8.0,8.0,1.0,4.0,3.0,0.46999999999999975,-4.0,5.0,0.05,0.083,-0.033,0.072,0.064,0.167,0.083,0.383,0.467,0.767,0.833,1.083,1.017,0.517,0.567,0.217,0.25,0.117,0.383,0.25,0.1,0.2,0.2,0.25,0.267,0.317,0.183,0.1,0.067,0.3,0.167,0.117,0.017,0.3,0.133,0.133,0.017,0.008,-0.067,0.083,0.067,0.05,0.36,0.38,0.44,0.32,0.35,0.65,0.94,0.65,0.21,0.38,0.91,0.88,0.24,0.59,0.53,0.69,0.72,0.59,0.25,0.12,0.62,0.59,0.97,0.12,0.35,0.47,0.35,0.35,0.516,0.59,0.56,0.62,0.47,0.56,0.59,0.06,0.68,0.32,0.15,0.47,0.12,0.44,0.59,0.47,0.59,0.44,0.41,0.88,0.32,0.62,0.62,0.85,0.15,0.32,0.26,0.55,0.16,0.77,0.42,0.79,0.44,0.47,0.88,0.26,0.97,0.47,0.41,12.0
20232024,NSH,1.0,0.0,0.0,1.0,0.0,3.0,5.0,other,164.0,0.0,1.0,-1.0,0.0,0.0,0.0,,0.0,0.0,0.0,1.0,0.0,west,central,none,0.0,0.0,,0.0,1.0,0.0,,3.0,0.0,1.0,0.0,0.0,1.0,0.0,0.0,1.0,0.0,0.0,0.0,1.0,0.0,0.0,0.0,,,0.0,0.0,0.0,0.0,0.0,,0.0,,0.0,0.0,0.0,0.0,0.0,0.0,0.0,0.0,0.0,0.0,0.0,0.0,0.0,0.0,0.0,0.0,0.0,0.0,-1.0,0.0,0.0,0.366,-0.366,0.0,0.0,0.0,0.0,0.0,0.366,0.0,0.366,0.0,0.366,0.0,0.366,0.0,0.0,0.0,0.366,0.0,0.0,0.0,0.0,0.0,0.0,0.0,0.0,0.0,0.0,0.0,0.0,0.0,0.0,0.0,0.0,0.0,0.0,0.0,-0.366,0.0,0.0,0.0,0.24,0.26,0.5,0.06,0.5,,0.47,0.53,0.06,0.59,,0.53,0.25,,0.88,0.41,0.5,0.44,0.62,0.06,0.47,0.41,0.59,0.24,0.25,0.41,0.24,0.12,0.0,0.41,0.24,0.41,0.47,0.53,0.59,0.18,0.53,0.56,0.5,,0.5,0.5,0.56,0.53,0.53,,0.62,0.5,0.56,0.56,0.5,0.53,0.53,0.74,0.32,0.47,0.59,0.35,0.71,0.47,0.59,,0.38,0.53,0.53,0.24,0.41,0.0
20232024,NYI,0.0,0.0,0.0,0.0,0.0,0.0,0.0,all,0.0,0.0,0.0,0.0,,0.0,0.0,,0.0,0.0,0.0,0.0,0.0,east,metro,none,0.0,0.0,,0.0,0.0,,,,0.0,0.0,,0.0,0.0,,0.0,0.0,0.0,0.0,0.0,0.0,0.0,0.0,0.0,,,,0.0,0.0,0.0,0.0,,,,,0.0,0.0,0.0,0.0,0.0,0.0,0.0,0.0,0.0,0.0,0.0,0.0,0.0,0.0,0.0,0.0,0.0,0.0,0.0,,,,,,,,,,,,,,,,,,,,,,,,,,,,,,,,,,,,,,,,,,,0.36,0.38,,,,,,,,,,,,,,0.25,0.25,0.25,0.78,0.78,,,,,,,,,,,,,,,,,,,,,,,,,,,,,,,,,,,,0.25,0.78,0.25,0.78,,,,,,,,,0.0
20232024,NYR,0.0,0.0,0.0,0.0,0.0,0.0,0.0,all,0.0,0.0,0.0,0.0,,0.0,0.0,,0.0,0.0,0.0,0.0,0.0,east,metro,none,0.0,0.0,,0.0,0.0,,,,0.0,0.0,,0.0,0.0,,0.0,0.0,0.0,0.0,0.0,0.0,0.0,0.0,0.0,,,,0.0,0.0,0.0,0.0,,,,,0.0,0.0,0.0,0.0,0.0,0.0,0.0,0.0,0.0,0.0,0.0,0.0,0.0,0.0,0.0,0.0,0.0,0.0,0.0,,,,,,,,,,,,,,,,,,,,,,,,,,,,,,,,,,,,,,,,,,,0.36,0.38,,,,,,,,,,,,,,0.25,0.25,0.25,0.78,0.78,,,,,,,,,,,,,,,,,,,,,,,,,,,,,,,,,,,,0.25,0.78,0.25,0.78,,,,,,,,,0.0
20232024,OTT,1.0,0.0,0.0,1.0,0.0,3.0,5.0,4on5,651.0,1.0,1.0,0.0,0.5,0.24,1.08,0.182,1.033,0.2,0.833,0.167,0.8,east,atlantic,none,1.0,4.0,0.2,2.0,6.0,0.25,2.5,3.0,5.0,10.0,0.333,5.0,14.0,0.263,5.0,6.0,1.0,1.0,1.0,2.0,4.0,0.0,1.0,,0.2,0.2,0.0,4.0,0.0,4.0,0.0,0.286,0.0,0.286,1.0,2.0,0.0,0.0,6.0,5.0,2.0,1.0,0.0,0.0,4.0,0.0,3.0,0.0,1.0,0.0,-0.8400000000000001,-5.0,-3.0,0.092,0.092,0.0,0.022,0.1,0.092,0.369,0.184,0.553,0.461,0.922,0.461,1.29,0.461,0.553,0.092,0.092,0.092,0.184,0.369,0.0,0.092,0.184,0.0,0.369,0.0,0.369,0.092,0.0,0.184,0.092,0.0,0.0,0.369,0.0,0.276,0.0,-0.077,-0.461,-0.276,0.092,0.0,0.24,0.26,0.88,0.71,0.82,1.0,1.0,0.59,0.53,0.59,0.97,0.65,1.0,0.75,0.25,0.88,0.88,0.38,0.35,0.32,0.94,1.0,0.59,0.88,0.94,1.0,0.88,0.88,0.263,1.0,0.88,0.82,0.94,0.76,0.76,0.76,0.71,0.68,0.29,0.77,0.56,0.47,0.06,0.29,0.47,0.6,0.62,0.24,0.68,0.68,0.94,0.65,0.53,0.12,0.38,0.91,0.41,0.97,0.62,0.35,0.62,0.68,0.79,0.62,0.94,0.82,1.0,2.0
20232024,OTT,1.0,0.0,0.0,1.0,0.0,3.0,5.0,5on4,480.0,0.0,1.0,-1.0,0.0,0.51,0.11,0.823,0.0,0.0,0.0,1.0,1.0,east,atlantic,none,4.0,1.0,0.8,5.0,1.0,0.833,2.7,4.0,10.0,1.0,0.909,14.0,3.0,0.824,6.0,1.0,1.0,3.0,2.0,0.0,0.0,0.0,4.0,,0.4,0.0,4.0,2.0,4.0,0.0,0.286,0.0,0.286,0.667,0.0,0.0,0.0,0.0,5.0,3.0,0.0,1.0,1.0,0.0,1.0,1.0,0.0,0.0,1.0,0.0,0.4,9.0,3.0,0.0,0.125,-0.125,0.064,0.014,0.5,0.125,0.625,0.125,1.25,0.125,1.75,0.375,0.75,0.125,0.125,0.375,0.25,0.0,0.0,0.0,0.5,0.0,0.5,0.0,0.5,0.25,0.0,0.0,0.0,0.125,0.125,0.0,0.125,0.125,0.0,0.0,0.05,1.125,0.375,0.125,0.0,0.24,0.26,0.26,0.09,0.14,0.12,0.24,0.24,0.09,0.18,0.09,0.53,0.19,0.35,0.12,0.15,0.26,0.29,0.26,0.06,0.68,0.24,0.06,0.29,0.41,0.35,0.47,0.32,0.824,0.35,0.18,0.18,0.44,0.94,0.59,0.65,0.71,0.47,1.0,0.44,0.88,0.35,0.65,0.18,0.35,0.24,0.27,0.94,0.62,0.53,0.38,0.53,0.41,0.68,0.47,0.56,0.59,0.44,0.59,0.44,0.32,0.24,0.42,0.59,1.0,0.41,0.29,0.0
20232024,OTT,1.0,0.0,0.0,1.0,0.0,3.0,5.0,5on5,2434.0,2.0,3.0,-1.0,0.4,1.72,2.42,0.415,1.017,0.105,0.912,0.088,0.895,east,atlantic,none,6.0,6.0,0.5,15.0,17.0,0.469,2.6,2.224,31.0,49.0,0.388,37.0,61.0,0.378,19.0,34.0,9.0,12.0,3.0,11.0,20.0,12.0,4.0,,0.13,0.347,6.0,12.0,12.0,15.0,0.324,0.246,0.162,0.197,7.0,12.0,4.0,8.0,21.0,27.0,18.0,1.0,8.0,6.0,18.0,4.0,10.0,5.0,1.0,2.0,-0.7,-18.0,0.0,0.049,0.074,-0.025,0.042,0.06,0.148,0.148,0.37,0.419,0.764,1.208,0.912,1.504,0.468,0.838,0.222,0.296,0.074,0.271,0.493,0.296,0.099,0.419,0.296,0.37,0.148,0.296,0.173,0.099,0.444,0.025,0.197,0.148,0.444,0.099,0.247,0.123,-0.017,-0.444,0.0,0.025,0.049,0.24,0.26,0.41,0.29,0.29,0.35,0.12,0.35,0.35,0.41,0.5,0.5,0.26,0.71,0.94,0.59,0.59,0.59,0.59,0.59,0.56,0.71,0.44,0.15,0.12,0.29,0.06,0.06,0.378,0.29,0.06,0.74,0.65,0.18,0.06,0.12,0.06,1.0,0.71,1.0,0.12,0.79,0.26,0.91,1.0,1.0,0.88,0.12,0.68,0.29,0.94,0.12,0.88,0.06,0.68,0.41,0.24,0.97,0.59,1.0,0.24,0.06,0.68,0.32,0.26,0.06,0.29,17.0
20232024,OTT,1.0,0.0,0.0,1.0,0.0,3.0,5.0,all,3600.0,3.0,5.0,-2.0,0.375,2.48,3.6,0.408,0.981,0.1,0.881,0.119,0.9,east,atlantic,none,11.0,11.0,0.5,22.0,25.0,0.468,2.614,2.393,46.0,61.0,0.43,56.0,79.0,0.415,30.0,42.0,11.0,16.0,6.0,14.0,24.0,12.0,9.0,,0.2,0.311,10.0,18.0,16.0,19.0,0.286,0.241,0.179,0.228,8.0,14.0,5.0,10.0,32.0,35.0,20.0,3.0,9.0,6.0,23.0,5.0,13.0,5.0,3.0,2.0,-1.12,-15.0,0.0,0.05,0.083,-0.033,0.041,0.06,0.183,0.183,0.367,0.417,0.767,1.017,0.933,1.317,0.5,0.7,0.183,0.267,0.1,0.233,0.4,0.2,0.15,0.317,0.267,0.317,0.167,0.3,0.133,0.083,0.333,0.05,0.15,0.1,0.383,0.083,0.217,0.083,-0.019,-0.25,0.0,0.05,0.033,0.36,0.38,0.44,0.32,0.35,0.18,0.15,0.18,0.21,0.53,0.56,0.56,0.35,0.65,0.76,0.72,0.75,0.69,0.28,0.22,0.82,0.53,0.29,0.35,0.18,0.47,0.06,0.18,0.415,0.29,0.12,0.38,0.62,0.38,0.12,0.35,0.06,1.0,0.59,1.0,0.24,0.62,0.24,0.79,1.0,0.82,0.88,0.12,0.76,0.35,0.91,0.15,0.76,0.09,0.5,0.75,0.11,0.92,0.3,0.94,0.24,0.06,0.71,0.65,0.74,0.06,0.35,19.0
20232024,OTT,1.0,0.0,0.0,1.0,0.0,3.0,5.0,other,35.0,0.0,0.0,0.0,,0.0,0.0,,1.0,0.0,1.0,0.0,0.0,east,atlantic,none,0.0,0.0,,0.0,1.0,0.0,,3.0,0.0,1.0,0.0,0.0,1.0,0.0,0.0,1.0,0.0,0.0,0.0,1.0,0.0,0.0,0.0,,,0.0,0.0,0.0,0.0,0.0,,0.0,,0.0,0.0,0.0,1.0,2.0,0.0,0.0,0.0,0.0,0.0,0.0,0.0,0.0,0.0,0.0,0.0,0.0,0.0,-1.0,0.0,0.0,0.0,0.0,0.0,0.0,0.0,0.0,0.0,1.714,0.0,1.714,0.0,1.714,0.0,1.714,0.0,0.0,0.0,1.714,0.0,0.0,0.0,0.0,0.0,0.0,0.0,0.0,0.0,1.714,0.0,0.0,0.0,0.0,0.0,0.0,0.0,0.0,0.0,-1.714,0.0,0.0,0.0,0.24,0.26,0.5,0.53,,,0.47,0.53,0.56,0.59,,0.53,0.25,,0.88,0.91,0.5,0.94,0.62,0.56,0.47,0.41,0.59,0.18,0.25,0.41,0.18,0.06,0.0,0.41,0.18,0.41,0.47,0.53,0.59,0.06,0.53,0.56,0.5,,0.5,0.5,0.56,0.53,0.53,,0.62,0.5,0.56,0.56,0.5,0.53,0.53,0.74,0.82,0.47,0.59,0.35,0.26,0.47,0.59,,0.38,0.53,0.53,0.12,0.41,0.0
20232024,PHI,0.0,0.0,0.0,0.0,0.0,0.0,0.0,all,0.0,0.0,0.0,0.0,,0.0,0.0,,0.0,0.0,0.0,0.0,0.0,east,metro,none,0.0,0.0,,0.0,0.0,,,,0.0,0.0,,0.0,0.0,,0.0,0.0,0.0,0.0,0.0,0.0,0.0,0.0,0.0,,,,0.0,0.0,0.0,0.0,,,,,0.0,0.0,0.0,0.0,0.0,0.0,0.0,0.0,0.0,0.0,0.0,0.0,0.0,0.0,0.0,0.0,0.0,0.0,0.0,,,,,,,,,,,,,,,,,,,,,,,,,,,,,,,,,,,,,,,,,,,0.36,0.38,,,,,,,,,,,,,,0.25,0.25,0.25,0.78,0.78,,,,,,,,,,,,,,,,,,,,,,,,,,,,,,,,,,,,0.25,0.78,0.25,0.78,,,,,,,,,0.0
20232024,PIT,1.0,0.0,0.0,1.0,0.0,2.0,4.0,4on5,480.0,0.0,0.0,0.0,,0.0,0.19,0.0,1.0,0.0,1.0,0.0,0.0,east,metro,none,0.0,4.0,0.0,0.0,6.0,0.0,,2.9,0.0,10.0,0.0,1.0,16.0,0.059,0.0,5.0,0.0,0.0,0.0,2.0,3.0,1.0,0.0,,,0.1,1.0,6.0,0.0,5.0,0.0,0.312,1.0,0.375,0.0,0.0,0.0,0.0,3.0,3.0,2.0,1.0,1.0,1.0,1.0,0.0,0.0,0.0,0.0,0.0,-0.19,-10.0,-4.0,0.0,0.0,0.0,0.0,0.024,0.0,0.5,0.0,0.75,0.0,1.25,0.125,2.0,0.0,0.625,0.0,0.0,0.0,0.25,0.375,0.125,0.0,0.125,0.0,0.625,0.125,0.75,0.0,0.0,0.25,0.125,0.125,0.125,0.125,0.0,0.0,0.0,-0.024,-1.25,-0.5,0.0,0.0,0.24,0.26,0.44,0.71,,0.22,0.24,0.91,0.79,0.94,0.47,0.35,0.37,,0.44,0.71,0.44,0.82,0.74,0.79,0.47,0.38,0.38,0.65,0.22,0.24,0.74,0.65,0.059,0.41,0.41,0.41,0.47,0.35,0.65,0.71,0.18,0.18,0.88,0.09,0.82,0.71,0.26,0.71,0.21,,0.19,0.41,0.68,0.29,0.24,0.24,0.53,0.59,0.38,0.44,0.76,0.47,0.62,0.91,0.62,0.68,0.94,0.62,0.47,0.76,0.29,1.0
20232024,PIT,1.0,0.0,0.0,1.0,0.0,2.0,4.0,5on4,240.0,0.0,0.0,0.0,,0.87,0.01,0.989,1.0,0.0,1.0,0.0,1.0,east,metro,none,3.0,0.0,1.0,5.0,0.0,1.0,3.333,,6.0,1.0,0.857,7.0,1.0,0.875,4.0,1.0,2.0,1.0,0.0,0.0,0.0,0.0,1.0,,0.17,0.0,1.0,0.0,2.0,0.0,0.286,0.0,0.143,0.0,0.0,0.0,0.0,0.0,5.0,2.0,0.0,0.0,1.0,0.0,0.0,0.0,0.0,0.0,0.0,0.0,0.86,5.0,3.0,0.0,0.0,0.0,0.218,0.002,0.75,0.0,1.25,0.0,1.5,0.25,1.75,0.25,1.0,0.25,0.5,0.25,0.0,0.0,0.0,0.0,0.25,0.0,0.5,0.0,0.25,0.0,0.0,0.0,0.0,0.0,0.25,0.0,0.0,0.0,0.0,0.0,0.215,1.25,0.75,0.0,0.0,0.24,0.26,0.26,0.35,,0.59,0.88,0.88,0.62,0.5,0.59,1.0,0.69,1.0,,0.76,0.26,0.85,0.26,0.62,1.0,0.88,0.59,0.68,0.24,0.59,0.32,0.41,0.875,0.35,0.44,0.53,0.24,0.35,0.59,0.65,0.71,0.94,0.38,0.82,0.33,0.35,0.91,0.41,0.35,0.47,0.27,0.38,0.91,0.18,0.38,0.53,0.41,0.68,0.47,0.56,0.79,0.44,0.59,0.44,0.32,0.24,0.42,0.59,0.44,0.26,0.53,0.0
20232024,PIT,1.0,0.0,0.0,1.0,0.0,2.0,4.0,5on5,2730.0,2.0,4.0,-2.0,0.333,2.5,3.73,0.401,0.923,0.056,0.867,0.133,0.944,east,metro,none,6.0,8.0,0.429,16.0,18.0,0.471,2.333,2.452,49.0,43.0,0.533,63.0,56.0,0.529,36.0,30.0,10.0,22.0,7.0,10.0,17.0,7.0,12.0,,0.24,0.326,14.0,13.0,13.0,13.0,0.206,0.232,0.222,0.232,4.0,8.0,2.0,4.0,32.0,14.0,17.0,10.0,6.0,2.0,12.0,12.0,2.0,2.0,4.0,2.0,-1.23,6.0,-2.0,0.044,0.088,-0.044,0.055,0.082,0.132,0.176,0.352,0.396,1.077,0.945,1.385,1.231,0.791,0.659,0.22,0.484,0.154,0.22,0.374,0.154,0.264,0.308,0.286,0.286,0.308,0.286,0.088,0.044,0.374,0.22,0.132,0.044,0.264,0.264,0.044,0.044,-0.027,0.132,-0.044,0.088,0.044,0.24,0.26,0.21,0.21,0.21,0.29,0.44,0.12,0.21,0.12,0.26,0.24,0.38,0.35,0.59,0.29,0.18,0.35,0.18,0.35,0.41,0.41,0.35,0.29,0.76,0.94,0.18,0.76,0.529,0.94,0.29,0.62,0.94,0.71,0.24,0.44,0.35,0.35,0.53,0.76,0.29,0.47,0.94,0.18,0.94,0.71,0.82,0.94,0.12,0.62,0.09,0.68,0.38,0.71,0.06,0.94,1.0,0.41,1.0,0.71,0.35,0.71,0.53,0.59,0.94,0.18,0.94,14.0
20232024,PIT,1.0,0.0,0.0,1.0,0.0,2.0,4.0,all,3600.0,2.0,4.0,-2.0,0.333,3.37,3.93,0.462,0.939,0.05,0.889,0.111,0.95,east,metro,none,9.0,12.0,0.429,21.0,24.0,0.467,2.451,2.538,55.0,54.0,0.505,71.0,73.0,0.493,40.0,36.0,12.0,23.0,7.0,12.0,20.0,8.0,13.0,,0.24,0.278,16.0,19.0,15.0,18.0,0.211,0.247,0.225,0.26,4.0,8.0,2.0,4.0,40.0,19.0,19.0,11.0,8.0,3.0,13.0,12.0,2.0,2.0,4.0,2.0,-0.56,1.0,-3.0,0.033,0.067,-0.033,0.056,0.066,0.15,0.2,0.35,0.4,0.917,0.9,1.183,1.217,0.667,0.6,0.2,0.383,0.117,0.2,0.333,0.133,0.217,0.25,0.25,0.3,0.267,0.317,0.067,0.033,0.317,0.183,0.133,0.05,0.217,0.2,0.033,0.033,-0.009,0.017,-0.05,0.067,0.033,0.36,0.38,0.21,0.32,0.24,0.41,0.32,0.41,0.5,0.24,0.24,0.24,0.29,0.35,0.59,0.66,0.56,0.75,0.09,0.28,0.41,0.44,0.15,0.44,0.53,0.88,0.18,0.53,0.493,0.74,0.21,0.53,0.88,0.56,0.26,0.53,0.29,0.47,0.71,0.82,0.41,0.53,0.94,0.32,0.88,0.62,0.76,0.94,0.12,0.47,0.06,0.65,0.32,0.79,0.06,0.97,0.53,0.61,0.53,0.88,0.44,0.68,0.82,0.65,0.97,0.38,0.88,15.0
20232024,PIT,1.0,0.0,0.0,1.0,0.0,2.0,4.0,other,150.0,0.0,0.0,0.0,,0.0,0.0,,0.0,0.0,0.0,0.0,0.0,east,metro,none,0.0,0.0,,0.0,0.0,,,,0.0,0.0,,0.0,0.0,,0.0,0.0,0.0,0.0,0.0,0.0,0.0,0.0,0.0,,,,0.0,0.0,0.0,0.0,,,,,0.0,0.0,0.0,0.0,0.0,0.0,0.0,0.0,0.0,0.0,0.0,0.0,0.0,0.0,0.0,0.0,0.0,0.0,0.0,0.0,0.0,0.0,0.0,0.0,0.0,0.0,0.0,0.0,0.0,0.0,0.0,0.0,0.0,0.0,0.0,0.0,0.0,0.0,0.0,0.0,0.0,0.0,0.0,0.0,0.0,0.0,0.0,0.0,0.0,0.0,0.0,0.0,0.0,0.0,0.0,0.0,0.0,0.0,0.0,0.0,0.0,0.24,0.26,0.5,0.53,,,0.47,0.53,0.56,0.59,,0.53,,,,0.41,0.5,0.44,0.62,0.56,0.47,0.41,0.59,0.65,,0.41,0.65,0.53,,0.41,0.65,0.41,0.47,0.53,0.59,0.65,0.53,0.56,0.5,,,0.5,0.56,0.53,0.53,,,0.5,0.56,0.56,0.5,0.53,0.53,0.74,0.32,0.47,0.59,0.35,0.71,0.47,0.59,,,0.53,0.53,0.65,0.41,0.0
20232024,SEA,1.0,0.0,0.0,1.0,0.0,1.0,4.0,4on5,480.0,0.0,0.0,0.0,,0.0,1.04,0.0,1.0,0.0,1.0,0.0,0.0,west,pacific,none,0.0,1.0,0.0,0.0,7.0,0.0,,3.0,0.0,9.0,0.0,0.0,14.0,0.0,0.0,3.0,0.0,0.0,0.0,6.0,1.0,0.0,0.0,,,0.111,0.0,5.0,0.0,6.0,,0.429,,0.357,0.0,0.0,0.0,0.0,0.0,7.0,2.0,2.0,0.0,0.0,1.0,0.0,3.0,0.0,0.0,0.0,-1.04,-9.0,-1.0,0.0,0.0,0.0,0.0,0.13,0.0,0.125,0.0,0.875,0.0,1.125,0.0,1.75,0.0,0.375,0.0,0.0,0.0,0.75,0.125,0.0,0.0,0.125,0.0,0.75,0.0,0.625,0.0,0.0,0.25,0.25,0.0,0.0,0.125,0.0,0.375,0.0,-0.13,-1.125,-0.125,0.0,0.0,0.24,0.26,0.44,0.71,,0.22,0.24,0.47,0.79,0.47,0.47,0.88,0.37,,0.25,0.71,0.44,0.82,0.74,0.79,0.47,0.38,0.88,0.47,0.22,0.24,0.82,0.74,0.0,0.21,0.74,0.41,0.47,0.35,0.94,0.18,0.71,0.68,0.76,,0.76,0.71,0.26,0.71,0.21,,0.31,0.94,0.68,0.68,1.0,0.65,0.53,0.59,0.38,0.09,0.24,0.47,0.62,1.0,0.62,,1.0,0.62,0.47,0.94,0.29,1.0
20232024,SEA,1.0,0.0,0.0,1.0,0.0,1.0,4.0,5on4,660.0,0.0,0.0,0.0,,0.35,0.01,0.972,0.0,0.0,0.0,0.0,1.0,west,pacific,none,3.0,0.0,1.0,9.0,0.0,1.0,2.8,1.0,15.0,1.0,0.938,20.0,3.0,0.87,10.0,0.0,6.0,6.0,0.0,0.0,0.0,1.0,2.0,,0.13,1.0,5.0,2.0,5.0,1.0,0.25,0.333,0.25,0.667,0.0,0.0,0.0,0.0,4.0,4.0,0.0,1.0,2.0,0.0,3.0,2.0,0.0,0.0,1.0,0.0,0.33999999999999997,14.0,3.0,0.0,0.0,0.0,0.032,0.001,0.273,0.0,0.818,0.0,1.364,0.091,1.818,0.273,0.909,0.0,0.545,0.545,0.0,0.0,0.0,0.091,0.182,0.091,0.455,0.091,0.455,0.182,0.0,0.0,0.0,0.091,0.182,0.0,0.273,0.182,0.0,0.0,0.031,1.273,0.273,0.091,0.0,0.24,0.26,0.26,0.35,,0.41,0.18,0.18,0.62,0.62,0.59,0.29,0.69,0.47,0.94,0.15,0.26,0.29,0.26,0.62,0.29,0.53,0.59,0.68,0.59,0.41,0.65,0.53,0.87,0.47,0.29,0.59,0.71,0.35,0.59,0.65,0.35,0.53,0.94,0.59,0.88,0.35,0.29,0.71,0.71,0.59,0.91,0.82,0.35,0.29,0.38,0.53,0.41,0.68,0.47,0.35,0.35,0.44,0.59,0.88,0.41,0.47,0.83,0.59,0.88,0.79,0.44,1.0
20232024,SEA,1.0,0.0,0.0,1.0,0.0,1.0,4.0,5on5,2437.0,1.0,4.0,-3.0,0.2,3.09,2.99,0.508,0.883,0.043,0.84,0.16,0.957,west,pacific,none,8.0,8.0,0.5,18.0,17.0,0.514,2.688,2.613,33.0,32.0,0.508,51.0,44.0,0.537,23.0,25.0,10.0,10.0,4.0,9.0,8.0,6.0,9.0,,0.27,0.312,18.0,12.0,10.0,7.0,0.196,0.159,0.353,0.273,4.0,8.0,4.0,11.0,16.0,18.0,13.0,3.0,2.0,0.0,16.0,14.0,10.0,4.0,1.0,2.0,0.09999999999999964,1.0,0.0,0.025,0.098,-0.074,0.076,0.074,0.197,0.197,0.443,0.419,0.812,0.788,1.256,1.083,0.566,0.616,0.246,0.246,0.098,0.222,0.197,0.148,0.222,0.246,0.246,0.172,0.443,0.295,0.098,0.098,0.32,0.074,0.049,0.0,0.394,0.345,0.246,0.098,0.002,0.025,0.0,0.025,0.049,0.24,0.26,0.12,0.12,0.12,0.53,0.94,0.53,0.12,0.24,0.5,0.5,0.59,0.88,0.29,0.12,0.12,0.24,0.12,0.24,0.91,1.0,0.15,0.15,0.59,0.71,0.65,0.59,0.537,0.76,0.47,0.88,0.41,0.35,0.82,0.32,0.41,0.18,0.65,0.24,0.59,0.29,0.53,0.59,0.76,0.47,0.76,0.29,0.06,0.94,0.88,0.97,0.59,0.5,0.56,0.06,0.82,0.41,0.24,0.18,0.47,0.76,0.12,0.32,0.26,0.29,0.65,10.0
20232024,SEA,1.0,0.0,0.0,1.0,0.0,1.0,4.0,all,3600.0,1.0,4.0,-3.0,0.2,3.45,4.05,0.46,0.887,0.03,0.857,0.143,0.97,west,pacific,none,11.0,9.0,0.55,27.0,24.0,0.529,2.723,2.65,48.0,42.0,0.533,71.0,61.0,0.538,33.0,28.0,16.0,16.0,4.0,15.0,9.0,7.0,11.0,,0.23,0.286,23.0,19.0,15.0,14.0,0.211,0.23,0.324,0.311,4.0,8.0,4.0,11.0,20.0,29.0,15.0,6.0,4.0,0.0,20.0,16.0,13.0,4.0,2.0,2.0,-0.5999999999999996,6.0,2.0,0.017,0.067,-0.05,0.058,0.067,0.183,0.15,0.45,0.4,0.8,0.7,1.183,1.017,0.55,0.467,0.267,0.267,0.067,0.25,0.15,0.117,0.183,0.2,0.25,0.233,0.383,0.317,0.067,0.067,0.25,0.1,0.067,0.0,0.333,0.267,0.217,0.067,-0.01,0.1,0.033,0.033,0.033,0.36,0.38,0.09,0.15,0.12,0.35,0.53,0.35,0.5,0.18,0.76,0.76,0.65,0.88,0.35,0.56,0.5,0.62,0.03,0.16,0.82,0.85,0.65,0.44,0.76,0.59,0.76,0.76,0.538,0.74,0.56,0.94,0.62,0.21,0.88,0.26,0.5,0.24,0.71,0.18,0.79,0.21,0.44,0.65,0.59,0.71,0.82,0.41,0.06,0.97,0.91,0.97,0.53,0.79,0.26,0.5,0.31,0.61,0.22,0.53,0.44,0.68,0.47,0.65,0.44,0.76,0.56,12.0
20232024,SEA,1.0,0.0,0.0,1.0,0.0,1.0,4.0,other,23.0,0.0,0.0,0.0,,0.0,0.0,,0.0,0.0,0.0,0.0,0.0,west,pacific,none,0.0,0.0,,0.0,0.0,,,,0.0,0.0,,0.0,0.0,,0.0,0.0,0.0,0.0,0.0,0.0,0.0,0.0,0.0,,,,0.0,0.0,0.0,0.0,,,,,0.0,0.0,0.0,0.0,0.0,0.0,0.0,0.0,0.0,0.0,0.0,0.0,0.0,0.0,0.0,0.0,0.0,0.0,0.0,0.0,0.0,0.0,0.0,0.0,0.0,0.0,0.0,0.0,0.0,0.0,0.0,0.0,0.0,0.0,0.0,0.0,0.0,0.0,0.0,0.0,0.0,0.0,0.0,0.0,0.0,0.0,0.0,0.0,0.0,0.0,0.0,0.0,0.0,0.0,0.0,0.0,0.0,0.0,0.0,0.0,0.0,0.24,0.26,0.5,0.53,,,0.47,0.53,0.56,0.59,,0.53,,,,0.41,0.5,0.44,0.62,0.56,0.47,0.41,0.59,0.65,,0.41,0.65,0.53,,0.41,0.65,0.41,0.47,0.53,0.59,0.65,0.53,0.56,0.5,,,0.5,0.56,0.53,0.53,,,0.5,0.56,0.56,0.5,0.53,0.53,0.74,0.32,0.47,0.59,0.35,0.71,0.47,0.59,,,0.53,0.53,0.65,0.41,0.0
20232024,SJS,0.0,0.0,0.0,0.0,0.0,0.0,0.0,all,0.0,0.0,0.0,0.0,,0.0,0.0,,0.0,0.0,0.0,0.0,0.0,west,pacific,none,0.0,0.0,,0.0,0.0,,,,0.0,0.0,,0.0,0.0,,0.0,0.0,0.0,0.0,0.0,0.0,0.0,0.0,0.0,,,,0.0,0.0,0.0,0.0,,,,,0.0,0.0,0.0,0.0,0.0,0.0,0.0,0.0,0.0,0.0,0.0,0.0,0.0,0.0,0.0,0.0,0.0,0.0,0.0,,,,,,,,,,,,,,,,,,,,,,,,,,,,,,,,,,,,,,,,,,,0.36,0.38,,,,,,,,,,,,,,0.25,0.25,0.25,0.78,0.78,,,,,,,,,,,,,,,,,,,,,,,,,,,,,,,,,,,,0.25,0.78,0.25,0.78,,,,,,,,,0.0
20232024,STL,0.0,0.0,0.0,0.0,0.0,0.0,0.0,all,0.0,0.0,0.0,0.0,,0.0,0.0,,0.0,0.0,0.0,0.0,0.0,west,central,none,0.0,0.0,,0.0,0.0,,,,0.0,0.0,,0.0,0.0,,0.0,0.0,0.0,0.0,0.0,0.0,0.0,0.0,0.0,,,,0.0,0.0,0.0,0.0,,,,,0.0,0.0,0.0,0.0,0.0,0.0,0.0,0.0,0.0,0.0,0.0,0.0,0.0,0.0,0.0,0.0,0.0,0.0,0.0,,,,,,,,,,,,,,,,,,,,,,,,,,,,,,,,,,,,,,,,,,,0.36,0.38,,,,,,,,,,,,,,0.25,0.25,0.25,0.78,0.78,,,,,,,,,,,,,,,,,,,,,,,,,,,,,,,,,,,,0.25,0.78,0.25,0.78,,,,,,,,,0.0
20232024,TBL,1.0,2.0,1.0,0.0,0.0,5.0,3.0,4on5,462.0,0.0,1.0,-1.0,0.0,0.09,0.52,0.148,0.857,0.0,0.857,0.143,0.0,east,atlantic,top3,0.0,2.0,0.0,1.0,7.0,0.125,3.0,2.818,1.0,11.0,0.083,1.0,15.0,0.062,0.0,7.0,1.0,0.0,0.0,5.0,4.0,0.0,0.0,,0.0,0.091,0.0,4.0,1.0,4.0,1.0,0.267,0.0,0.267,0.0,0.0,0.0,0.0,3.0,4.0,4.0,2.0,0.0,0.0,0.0,0.0,1.0,0.0,1.0,0.0,-0.43000000000000005,-10.0,-2.0,0.0,0.13,-0.13,0.012,0.068,0.0,0.26,0.13,0.909,0.13,1.429,0.13,1.948,0.0,0.909,0.13,0.0,0.0,0.649,0.519,0.0,0.0,0.13,0.13,0.519,0.0,0.519,0.0,0.0,0.519,0.26,0.0,0.0,0.0,0.0,0.13,0.0,-0.056,-1.299,-0.26,0.13,0.0,0.76,0.76,0.44,0.47,0.41,0.81,0.82,0.71,0.47,0.71,0.47,0.76,0.87,0.88,0.5,0.47,0.44,0.53,0.74,0.47,0.47,0.94,0.76,0.29,0.62,0.71,0.47,0.47,0.062,0.47,0.47,1.0,0.47,0.35,0.41,0.29,0.71,0.68,0.71,0.77,0.47,1.0,0.71,0.71,0.29,0.85,0.12,1.0,0.68,0.68,0.71,0.65,0.53,0.59,0.38,0.44,0.59,0.47,0.62,0.76,0.06,0.09,0.71,0.62,1.0,0.56,0.29,1.0
20232024,TBL,1.0,2.0,1.0,0.0,0.0,5.0,3.0,5on4,475.0,2.0,0.0,2.0,1.0,1.48,0.04,0.974,1.2,0.2,1.0,0.0,0.8,east,atlantic,top3,4.0,0.0,1.0,9.0,1.0,0.9,3.0,2.0,13.0,2.0,0.867,15.0,2.0,0.882,10.0,1.0,5.0,4.0,0.0,1.0,0.0,1.0,3.0,,0.23,0.5,2.0,0.0,3.0,1.0,0.2,0.5,0.133,0.0,0.0,0.0,0.0,0.0,6.0,3.0,0.0,0.0,1.0,0.0,0.0,1.0,0.0,0.0,0.0,0.0,1.44,11.0,4.0,0.253,0.0,0.253,0.187,0.005,0.505,0.0,1.137,0.126,1.642,0.253,1.895,0.253,1.263,0.126,0.632,0.505,0.0,0.126,0.0,0.126,0.379,0.126,0.379,0.126,0.253,0.0,0.0,0.0,0.0,0.0,0.126,0.0,0.0,0.126,0.0,0.0,0.182,1.389,0.505,0.0,0.0,0.76,0.76,0.88,0.88,0.68,0.47,0.82,0.76,0.62,0.35,0.59,0.76,0.31,0.82,0.56,0.88,0.82,0.85,0.82,0.62,0.76,0.82,0.59,0.24,0.29,0.71,0.24,0.65,0.882,0.59,0.35,0.71,0.59,0.35,0.59,0.18,0.12,0.88,0.38,0.94,0.33,0.35,0.91,0.29,0.88,0.29,0.73,0.38,0.53,0.47,0.38,0.53,0.41,0.68,0.47,0.76,0.59,0.44,0.59,0.94,0.59,0.65,0.92,0.59,0.44,0.35,0.71,1.0
20232024,TBL,1.0,2.0,1.0,0.0,0.0,5.0,3.0,5on5,2499.0,2.0,2.0,0.0,0.5,2.3,3.79,0.378,1.0,0.087,0.913,0.087,0.913,east,atlantic,top3,1.0,8.0,0.111,17.0,15.0,0.531,2.353,2.531,35.0,33.0,0.515,44.0,48.0,0.478,23.0,23.0,16.0,11.0,6.0,7.0,11.0,6.0,9.0,,0.26,0.303,9.0,15.0,12.0,10.0,0.273,0.208,0.205,0.312,4.0,8.0,6.0,10.0,25.0,19.0,14.0,6.0,7.0,1.0,18.0,9.0,6.0,1.0,2.0,4.0,-1.4900000000000002,2.0,-7.0,0.048,0.048,0.0,0.055,0.091,0.024,0.192,0.408,0.36,0.84,0.792,1.056,1.152,0.552,0.552,0.384,0.264,0.144,0.168,0.264,0.144,0.216,0.24,0.288,0.24,0.216,0.36,0.096,0.144,0.336,0.144,0.168,0.024,0.432,0.216,0.144,0.024,-0.036,0.048,-0.168,0.048,0.096,0.76,0.76,0.32,0.53,0.53,0.06,0.44,0.06,0.74,0.06,0.06,0.12,0.76,0.41,0.47,0.5,0.32,0.68,0.32,0.68,0.06,0.82,0.24,0.47,0.65,0.76,0.41,0.65,0.478,0.53,0.35,1.0,0.56,0.56,0.5,0.82,0.5,0.88,0.82,0.88,0.82,0.35,0.41,0.65,0.65,0.59,0.65,0.65,0.18,0.35,0.59,0.85,0.21,0.59,0.94,0.59,0.71,0.41,0.35,0.41,0.29,0.18,0.35,0.06,0.65,0.5,0.56,10.0
20232024,TBL,1.0,2.0,1.0,0.0,0.0,5.0,3.0,all,3600.0,5.0,3.0,2.0,0.625,3.87,4.34,0.471,1.05,0.147,0.903,0.097,0.853,east,atlantic,top3,5.0,10.0,0.333,28.0,23.0,0.549,2.551,2.578,50.0,46.0,0.521,61.0,65.0,0.484,34.0,31.0,23.0,15.0,6.0,13.0,15.0,7.0,12.0,,0.24,0.261,11.0,19.0,16.0,15.0,0.262,0.231,0.18,0.292,4.0,8.0,6.0,10.0,34.0,26.0,18.0,8.0,8.0,1.0,18.0,10.0,7.0,1.0,3.0,4.0,-0.46999999999999975,4.0,-5.0,0.083,0.05,0.033,0.064,0.072,0.083,0.167,0.467,0.383,0.833,0.767,1.017,1.083,0.567,0.517,0.383,0.25,0.1,0.217,0.25,0.117,0.2,0.2,0.267,0.25,0.183,0.317,0.067,0.1,0.3,0.133,0.133,0.017,0.3,0.167,0.117,0.017,-0.008,0.067,-0.083,0.05,0.067,0.88,0.88,0.85,0.74,0.71,0.47,0.68,0.47,0.65,0.12,0.15,0.18,0.76,0.53,0.47,0.84,0.91,0.81,0.44,0.34,0.09,0.94,0.47,0.53,0.71,0.76,0.59,0.71,0.484,0.5,0.47,1.0,0.47,0.38,0.59,0.44,0.5,0.91,0.71,0.94,0.65,0.44,0.59,0.47,0.59,0.62,0.65,0.74,0.18,0.47,0.47,0.85,0.15,0.79,0.71,0.83,0.42,0.61,0.3,0.62,0.24,0.12,0.53,0.06,0.74,0.65,0.65,12.0
20232024,TBL,1.0,2.0,1.0,0.0,0.0,5.0,3.0,other,164.0,1.0,0.0,1.0,1.0,0.0,0.0,,1.0,1.0,0.0,0.0,0.0,east,atlantic,top3,0.0,0.0,,1.0,0.0,1.0,3.0,,1.0,0.0,1.0,1.0,0.0,1.0,1.0,0.0,1.0,0.0,0.0,0.0,0.0,0.0,0.0,,0.0,,0.0,0.0,0.0,0.0,0.0,,0.0,,0.0,0.0,0.0,0.0,0.0,0.0,0.0,0.0,0.0,0.0,0.0,0.0,0.0,0.0,0.0,0.0,0.0,1.0,0.0,0.366,0.0,0.366,0.0,0.0,0.0,0.0,0.366,0.0,0.366,0.0,0.366,0.0,0.366,0.0,0.366,0.0,0.0,0.0,0.0,0.0,0.0,0.0,0.0,0.0,0.0,0.0,0.0,0.0,0.0,0.0,0.0,0.0,0.0,0.0,0.0,0.0,0.0,0.366,0.0,0.0,0.0,0.76,0.76,1.0,1.0,1.0,,0.47,0.53,0.56,0.59,,0.53,0.92,0.38,,0.91,1.0,0.44,0.62,0.56,0.47,0.82,0.59,0.65,0.92,0.82,0.65,0.94,1.0,0.82,0.65,0.88,0.47,0.53,0.59,0.65,0.53,0.56,0.5,0.75,,0.5,0.56,0.53,0.53,0.62,,0.5,0.56,0.56,0.5,0.53,0.53,0.74,0.32,0.47,0.59,0.35,0.71,0.47,0.59,0.88,,0.53,0.53,0.65,0.82,0.0
20232024,TOR,1.0,2.0,1.0,0.0,0.0,6.0,5.0,4on5,359.0,0.0,1.0,-1.0,0.0,0.02,0.43,0.044,0.667,0.0,0.667,0.333,1.0,east,atlantic,top3,0.0,0.0,,0.0,0.0,,,2.0,2.0,3.0,0.4,2.0,6.0,0.25,2.0,3.0,0.0,0.0,0.0,0.0,3.0,0.0,0.0,,0.0,0.667,0.0,3.0,0.0,0.0,0.0,0.0,0.0,0.5,0.0,0.0,1.0,0.0,4.0,0.0,2.0,0.0,0.0,0.0,1.0,1.0,0.0,0.0,0.0,0.0,-0.41,-1.0,0.0,0.0,0.167,-0.167,0.003,0.072,0.0,0.0,0.0,0.0,0.334,0.501,0.334,1.003,0.334,0.501,0.0,0.0,0.0,0.0,0.501,0.0,0.0,0.334,0.0,0.0,0.0,0.501,0.0,0.167,0.334,0.0,0.0,0.0,0.167,0.167,0.0,0.0,-0.069,-0.167,0.0,0.0,0.0,0.76,0.76,0.44,0.41,0.41,0.69,0.65,0.65,0.41,0.65,,0.97,,,1.0,0.12,0.44,0.12,0.18,0.06,0.47,0.38,0.97,0.97,1.0,0.88,0.94,0.94,0.25,0.82,0.94,0.41,0.47,0.35,0.53,0.94,0.71,0.68,0.65,0.77,0.94,0.88,0.18,0.71,0.71,0.85,1.0,0.12,0.09,0.68,0.24,0.65,0.53,0.59,0.79,0.71,1.0,0.47,0.62,0.09,0.62,0.68,0.09,0.62,0.47,0.88,0.88,2.0
20232024,TOR,1.0,2.0,1.0,0.0,0.0,6.0,5.0,5on4,331.0,2.0,0.0,2.0,1.0,0.92,0.0,1.0,0.286,0.286,0.0,0.0,0.714,east,atlantic,top3,1.0,0.0,1.0,5.0,0.0,1.0,2.667,,9.0,0.0,1.0,13.0,0.0,1.0,7.0,0.0,4.0,4.0,0.0,0.0,0.0,0.0,1.0,,0.11,,4.0,0.0,2.0,0.0,0.154,,0.308,,1.0,2.0,0.0,0.0,1.0,6.0,0.0,0.0,1.0,0.0,0.0,1.0,1.0,0.0,0.0,0.0,0.92,9.0,1.0,0.363,0.0,0.363,0.167,0.0,0.181,0.0,0.906,0.0,1.631,0.0,2.356,0.0,1.269,0.0,0.725,0.725,0.0,0.0,0.0,0.0,0.181,0.0,0.363,0.0,0.725,0.0,0.181,0.0,0.0,0.0,0.181,0.0,0.0,0.181,0.181,0.0,0.167,1.631,0.181,0.0,0.0,0.76,0.76,1.0,1.0,0.68,0.85,0.65,0.71,0.62,0.85,0.59,0.18,0.69,0.24,,0.53,0.94,0.29,0.94,0.62,0.18,0.65,0.59,0.68,0.85,0.65,0.85,0.76,1.0,0.82,0.88,0.82,0.88,0.35,0.59,0.65,0.71,0.18,0.38,0.32,,0.35,0.91,0.76,0.35,0.76,,0.38,0.41,0.35,0.82,0.53,0.41,0.18,0.47,0.12,0.15,0.94,0.59,0.44,0.71,0.79,,0.59,0.44,0.79,0.76,0.0
20232024,TOR,1.0,2.0,1.0,0.0,0.0,6.0,5.0,5on5,3036.0,3.0,4.0,-1.0,0.429,2.4,2.17,0.525,0.889,0.1,0.789,0.211,0.9,east,atlantic,top3,6.0,7.0,0.462,18.0,16.0,0.529,2.526,2.769,40.0,29.0,0.58,53.0,40.0,0.57,30.0,19.0,12.0,16.0,4.0,9.0,7.0,3.0,7.0,,0.18,0.172,13.0,11.0,10.0,10.0,0.189,0.25,0.245,0.275,4.0,6.0,5.0,10.0,20.0,19.0,25.0,10.0,12.0,5.0,35.0,5.0,8.0,5.0,4.0,2.0,0.22999999999999998,11.0,-1.0,0.059,0.079,-0.02,0.047,0.043,0.119,0.138,0.356,0.316,0.791,0.573,1.047,0.791,0.593,0.375,0.237,0.316,0.079,0.178,0.138,0.059,0.138,0.099,0.198,0.198,0.257,0.217,0.079,0.099,0.494,0.198,0.237,0.099,0.692,0.099,0.158,0.099,0.005,0.217,-0.02,0.079,0.04,0.76,0.76,0.53,0.35,0.35,0.65,0.26,0.65,0.29,0.82,0.35,0.35,0.65,0.59,0.06,0.18,0.47,0.18,0.47,0.18,0.35,0.5,0.59,0.71,0.82,0.53,0.94,0.82,0.57,0.47,0.88,0.82,0.76,0.24,0.94,0.65,1.0,0.59,0.29,0.59,0.65,0.88,0.06,0.82,0.15,0.82,0.18,0.82,0.68,0.24,0.65,0.38,0.68,0.82,0.68,0.35,0.71,0.12,0.35,0.32,0.74,0.82,0.76,0.76,0.88,0.94,0.71,5.0
20232024,TOR,1.0,2.0,1.0,0.0,0.0,6.0,5.0,all,3900.0,5.0,5.0,0.0,0.5,3.7,2.66,0.582,0.914,0.114,0.8,0.2,0.886,east,atlantic,top3,11.0,10.0,0.524,28.0,21.0,0.571,2.66,2.8,57.0,38.0,0.6,74.0,54.0,0.578,44.0,25.0,17.0,21.0,4.0,11.0,11.0,3.0,8.0,,0.14,0.184,17.0,16.0,13.0,13.0,0.176,0.241,0.23,0.296,6.0,10.0,7.0,20.0,26.0,28.0,27.0,10.0,13.0,5.0,37.0,8.0,10.0,5.0,4.0,2.0,1.04,19.0,1.0,0.077,0.077,0.0,0.057,0.041,0.169,0.154,0.431,0.323,0.877,0.585,1.138,0.831,0.677,0.385,0.262,0.323,0.062,0.169,0.169,0.046,0.123,0.108,0.2,0.2,0.262,0.246,0.092,0.108,0.415,0.154,0.2,0.077,0.569,0.123,0.154,0.077,0.016,0.292,0.015,0.062,0.031,0.88,0.88,0.68,0.53,0.53,0.76,0.44,0.76,0.38,0.85,0.65,0.65,0.88,0.76,0.12,0.59,0.78,0.56,0.31,0.09,0.71,0.76,0.59,0.71,0.94,0.82,0.88,0.94,0.578,0.65,0.88,0.88,0.71,0.12,0.82,0.76,1.0,0.53,0.41,0.71,0.71,0.94,0.06,0.88,0.12,0.97,0.18,0.82,0.47,0.24,0.76,0.44,0.62,0.41,0.82,0.55,0.36,0.77,0.03,0.29,0.79,0.94,0.71,0.88,0.88,0.88,0.94,7.0
20232024,TOR,1.0,2.0,1.0,0.0,0.0,6.0,5.0,other,174.0,0.0,0.0,0.0,,0.37,0.06,0.86,1.0,0.0,1.0,0.0,1.0,east,atlantic,top3,4.0,3.0,0.571,5.0,5.0,0.5,3.5,3.333,6.0,6.0,0.5,6.0,8.0,0.429,5.0,3.0,1.0,1.0,0.0,2.0,1.0,0.0,0.0,,0.0,0.0,0.0,2.0,1.0,3.0,0.167,0.375,0.0,0.25,1.0,2.0,1.0,10.0,1.0,3.0,0.0,0.0,0.0,0.0,1.0,1.0,1.0,0.0,0.0,0.0,0.31,0.0,1.0,0.0,0.0,0.0,0.128,0.021,1.379,1.034,1.724,1.724,2.069,2.069,2.069,2.759,1.724,1.034,0.345,0.345,0.0,0.69,0.345,0.0,0.0,0.0,0.345,1.034,0.0,0.69,0.345,0.345,0.0,0.0,0.0,0.0,0.345,0.345,0.345,0.0,0.107,0.0,0.345,0.0,0.0,0.76,0.76,0.5,0.53,,1.0,1.0,1.0,0.56,0.12,1.0,1.0,0.58,1.0,0.5,0.91,0.5,0.94,0.12,0.56,1.0,0.97,0.12,0.09,0.58,0.97,0.09,0.53,0.429,0.94,0.06,0.82,0.97,0.53,0.09,0.12,0.53,0.56,1.0,0.75,1.0,0.5,0.06,0.53,0.53,0.62,0.62,0.5,0.06,0.56,1.0,0.53,0.53,0.38,0.74,0.94,0.06,0.79,0.09,1.0,0.12,0.5,1.0,0.53,0.53,0.18,1.0,0.0
20232024,VAN,1.0,2.0,1.0,0.0,0.0,8.0,1.0,4on5,312.0,0.0,1.0,-1.0,0.0,0.0,0.6,0.0,0.857,0.0,0.857,0.143,0.0,west,pacific,top3,0.0,2.0,0.0,0.0,4.0,0.0,,2.667,0.0,9.0,0.0,0.0,13.0,0.0,0.0,7.0,0.0,0.0,0.0,2.0,5.0,0.0,0.0,,,0.111,0.0,4.0,0.0,2.0,,0.154,,0.308,0.0,0.0,1.0,0.0,1.0,4.0,1.0,1.0,0.0,0.0,0.0,0.0,0.0,0.0,0.0,0.0,-0.6,-9.0,-2.0,0.0,0.192,-0.192,0.0,0.115,0.0,0.385,0.0,0.769,0.0,1.731,0.0,2.5,0.0,1.346,0.0,0.0,0.0,0.385,0.962,0.0,0.0,0.192,0.0,0.385,0.0,0.769,0.0,0.192,0.192,0.192,0.0,0.0,0.0,0.0,0.0,0.0,-0.115,-1.731,-0.385,0.0,0.0,0.76,0.76,0.44,0.29,0.41,0.22,0.24,0.53,0.29,0.53,0.47,0.47,0.37,,0.81,0.47,0.44,0.53,0.74,0.47,0.47,0.38,0.53,0.59,0.22,0.24,0.18,0.18,0.0,0.21,0.12,0.41,0.47,0.35,0.12,0.53,0.71,0.68,0.94,,0.68,0.53,0.71,0.71,0.53,,0.31,0.82,0.68,0.68,0.24,0.65,0.53,0.59,0.94,0.21,0.59,0.47,0.62,0.47,0.62,,0.32,0.62,0.47,0.24,0.29,1.0
20232024,VAN,1.0,2.0,1.0,0.0,0.0,8.0,1.0,5on4,564.0,3.0,0.0,3.0,1.0,1.28,0.02,0.985,1.231,0.231,1.0,0.0,0.769,west,pacific,top3,4.0,0.0,1.0,13.0,0.0,1.0,3.0,1.0,16.0,1.0,0.941,20.0,2.0,0.909,13.0,1.0,9.0,2.0,1.0,0.0,0.0,1.0,2.0,,0.12,1.0,4.0,1.0,3.0,0.0,0.15,0.0,0.2,0.5,0.0,0.0,0.0,0.0,8.0,5.0,2.0,1.0,1.0,0.0,1.0,1.0,0.0,0.0,1.0,0.0,1.26,15.0,4.0,0.319,0.0,0.319,0.136,0.002,0.426,0.0,1.383,0.0,1.702,0.106,2.128,0.213,1.383,0.106,0.957,0.213,0.106,0.0,0.0,0.106,0.213,0.106,0.319,0.0,0.426,0.106,0.0,0.0,0.213,0.106,0.106,0.0,0.106,0.106,0.0,0.0,0.134,1.596,0.426,0.106,0.0,0.76,0.76,0.94,0.94,0.68,0.53,0.59,0.59,0.62,0.5,0.59,0.65,0.69,0.82,0.94,0.94,0.88,0.85,0.88,0.62,0.59,0.94,0.59,0.68,0.65,0.82,0.53,0.71,0.909,0.71,0.53,1.0,0.12,0.82,0.59,0.65,0.24,0.65,0.88,0.71,0.71,0.94,0.71,0.47,0.82,0.65,0.91,0.88,0.71,0.59,0.38,0.53,0.41,0.68,0.47,0.97,0.24,0.44,0.59,0.44,0.88,0.88,0.42,0.59,0.94,0.47,0.88,1.0
20232024,VAN,1.0,2.0,1.0,0.0,0.0,8.0,1.0,5on5,2715.0,5.0,0.0,5.0,1.0,2.58,1.64,0.611,1.263,0.263,1.0,0.0,0.737,west,pacific,top3,8.0,4.0,0.667,14.0,12.0,0.538,2.731,2.31,27.0,30.0,0.474,34.0,40.0,0.459,19.0,19.0,6.0,9.0,3.0,8.0,10.0,7.0,4.0,,0.15,0.233,7.0,10.0,8.0,11.0,0.235,0.275,0.206,0.25,5.0,8.0,6.0,12.0,19.0,26.0,19.0,5.0,6.0,5.0,20.0,0.0,5.0,3.0,2.0,0.0,0.9400000000000002,-3.0,4.0,0.11,0.0,0.11,0.057,0.036,0.177,0.088,0.309,0.265,0.597,0.663,0.751,0.884,0.42,0.42,0.133,0.199,0.066,0.177,0.221,0.155,0.088,0.155,0.177,0.243,0.155,0.221,0.11,0.133,0.42,0.11,0.133,0.11,0.442,0.0,0.11,0.066,0.021,-0.066,0.088,0.044,0.0,0.76,0.76,1.0,1.0,1.0,0.94,0.53,0.82,1.0,1.0,0.88,0.88,0.88,0.94,0.76,1.0,1.0,1.0,1.0,1.0,0.76,0.29,0.79,0.88,0.29,0.18,0.76,0.29,0.459,0.12,0.76,0.12,0.24,0.12,0.71,0.71,0.29,0.94,0.35,0.82,0.5,0.59,0.35,1.0,0.35,0.94,0.32,0.5,1.0,0.53,0.29,0.26,0.53,0.26,0.88,0.24,0.29,0.41,0.15,0.53,0.82,0.47,0.88,1.0,0.5,0.79,0.21,7.0
20232024,VAN,1.0,2.0,1.0,0.0,0.0,8.0,1.0,all,3600.0,8.0,1.0,7.0,0.889,3.86,2.26,0.631,1.213,0.25,0.963,0.037,0.75,west,pacific,top3,12.0,6.0,0.667,27.0,16.0,0.628,2.833,2.359,43.0,40.0,0.518,54.0,55.0,0.495,32.0,27.0,15.0,11.0,4.0,10.0,15.0,8.0,6.0,,0.14,0.225,11.0,15.0,11.0,13.0,0.204,0.236,0.204,0.273,5.0,8.0,7.0,12.0,28.0,35.0,22.0,7.0,7.0,5.0,21.0,1.0,5.0,3.0,3.0,0.0,1.6,3.0,6.0,0.133,0.017,0.117,0.064,0.038,0.2,0.1,0.45,0.267,0.717,0.667,0.9,0.917,0.533,0.45,0.25,0.183,0.067,0.167,0.25,0.133,0.1,0.15,0.183,0.217,0.183,0.25,0.083,0.117,0.367,0.117,0.117,0.083,0.35,0.017,0.083,0.05,0.027,0.05,0.1,0.05,0.0,0.88,0.88,1.0,1.0,1.0,0.88,0.68,0.88,0.94,0.94,0.91,0.94,0.94,1.0,0.88,1.0,1.0,0.97,0.53,0.5,0.94,0.85,0.82,0.91,0.65,0.29,0.82,0.62,0.495,0.18,0.76,0.79,0.24,0.21,0.59,0.88,0.29,0.91,0.47,0.88,0.53,0.76,0.35,1.0,0.32,0.97,0.29,0.5,1.0,0.62,0.21,0.29,0.44,0.53,0.88,0.61,0.11,0.61,0.19,0.44,0.88,0.76,0.59,1.0,0.74,0.82,0.47,9.0
20232024,VAN,1.0,2.0,1.0,0.0,0.0,8.0,1.0,other,9.0,0.0,0.0,0.0,,0.0,0.0,,0.0,0.0,0.0,0.0,0.0,west,pacific,top3,0.0,0.0,,0.0,0.0,,,,0.0,0.0,,0.0,0.0,,0.0,0.0,0.0,0.0,0.0,0.0,0.0,0.0,0.0,,,,0.0,0.0,0.0,0.0,,,,,0.0,0.0,0.0,0.0,0.0,0.0,0.0,0.0,0.0,0.0,0.0,0.0,0.0,0.0,0.0,0.0,0.0,0.0,0.0,0.0,0.0,0.0,0.0,0.0,0.0,0.0,0.0,0.0,0.0,0.0,0.0,0.0,0.0,0.0,0.0,0.0,0.0,0.0,0.0,0.0,0.0,0.0,0.0,0.0,0.0,0.0,0.0,0.0,0.0,0.0,0.0,0.0,0.0,0.0,0.0,0.0,0.0,0.0,0.0,0.0,0.0,0.76,0.76,0.5,0.53,,,0.47,0.53,0.56,0.59,,0.53,,,,0.41,0.5,0.44,0.62,0.56,0.47,0.41,0.59,0.65,,0.41,0.65,0.53,,0.41,0.65,0.41,0.47,0.53,0.59,0.65,0.53,0.56,0.5,,,0.5,0.56,0.53,0.53,,,0.5,0.56,0.56,0.5,0.53,0.53,0.74,0.32,0.47,0.59,0.35,0.71,0.47,0.59,,,0.53,0.53,0.65,0.41,0.0
20232024,VGK,1.0,2.0,1.0,0.0,0.0,4.0,1.0,4on5,660.0,0.0,0.0,0.0,,0.01,0.35,0.028,1.0,0.0,1.0,0.0,0.0,west,pacific,top3,0.0,3.0,0.0,0.0,9.0,0.0,1.0,2.8,1.0,15.0,0.062,3.0,20.0,0.13,0.0,10.0,0.0,0.0,1.0,6.0,6.0,0.0,1.0,,1.0,0.133,2.0,5.0,1.0,5.0,0.333,0.25,0.667,0.25,0.0,0.0,0.0,0.0,4.0,4.0,3.0,2.0,0.0,0.0,0.0,1.0,2.0,0.0,0.0,1.0,-0.33999999999999997,-14.0,-3.0,0.0,0.0,0.0,0.001,0.032,0.0,0.273,0.0,0.818,0.091,1.364,0.273,1.818,0.0,0.909,0.0,0.0,0.091,0.545,0.545,0.0,0.091,0.182,0.091,0.455,0.182,0.455,0.0,0.0,0.273,0.182,0.0,0.0,0.0,0.091,0.182,0.0,-0.031,-1.273,-0.273,0.0,0.091,0.76,0.76,0.44,0.71,,0.62,0.5,0.82,0.79,0.82,0.47,0.71,0.37,0.19,0.56,0.71,0.44,0.82,0.74,0.79,0.47,0.38,0.71,0.53,0.5,0.47,0.59,0.53,0.13,0.76,0.65,0.41,0.47,0.71,0.35,0.47,0.71,0.12,0.53,0.23,0.41,0.82,0.71,0.35,0.41,0.2,0.5,0.71,0.29,0.68,0.82,0.65,0.53,0.59,0.38,0.71,0.59,0.47,0.62,0.65,0.18,0.27,0.62,0.18,0.47,0.56,0.29,2.0
20232024,VGK,1.0,2.0,1.0,0.0,0.0,4.0,1.0,5on4,480.0,0.0,0.0,0.0,,1.04,0.0,1.0,0.0,0.0,0.0,0.0,1.0,west,pacific,top3,1.0,0.0,1.0,7.0,0.0,1.0,3.0,,9.0,0.0,1.0,14.0,0.0,1.0,3.0,0.0,6.0,1.0,0.0,0.0,0.0,0.0,1.0,,0.11,,5.0,0.0,6.0,0.0,0.429,,0.357,,0.0,0.0,0.0,0.0,7.0,0.0,1.0,0.0,3.0,0.0,2.0,2.0,0.0,0.0,0.0,0.0,1.04,9.0,1.0,0.0,0.0,0.0,0.13,0.0,0.125,0.0,0.875,0.0,1.125,0.0,1.75,0.0,0.375,0.0,0.75,0.125,0.0,0.0,0.0,0.0,0.125,0.0,0.75,0.0,0.625,0.0,0.0,0.0,0.125,0.0,0.375,0.0,0.25,0.25,0.0,0.0,0.13,1.125,0.125,0.0,0.0,0.76,0.76,0.26,0.35,,0.85,0.53,0.53,0.62,0.85,0.59,0.12,0.69,0.82,,0.15,0.26,0.29,0.26,0.62,0.12,0.59,0.59,0.68,0.85,0.24,0.85,0.32,1.0,0.35,0.88,0.88,0.06,0.35,0.59,0.65,0.71,0.24,0.38,0.24,,0.82,0.38,0.88,0.35,0.76,,0.38,0.12,0.06,0.38,0.53,0.41,0.68,0.47,0.88,0.97,0.44,0.59,0.44,0.06,0.06,,0.59,0.44,0.79,0.12,0.0
20232024,VGK,1.0,2.0,1.0,0.0,0.0,4.0,1.0,5on5,2437.0,4.0,1.0,3.0,0.8,2.99,3.09,0.492,1.117,0.16,0.957,0.043,0.84,west,pacific,top3,8.0,8.0,0.5,17.0,18.0,0.486,2.613,2.688,32.0,33.0,0.492,44.0,51.0,0.463,25.0,23.0,9.0,8.0,6.0,10.0,10.0,4.0,10.0,,0.31,0.273,12.0,18.0,7.0,10.0,0.159,0.196,0.273,0.353,4.0,11.0,4.0,8.0,18.0,16.0,16.0,14.0,10.0,4.0,13.0,3.0,2.0,0.0,2.0,1.0,-0.09999999999999964,-1.0,0.0,0.098,0.025,0.074,0.074,0.076,0.197,0.197,0.419,0.443,0.788,0.812,1.083,1.256,0.616,0.566,0.222,0.197,0.148,0.246,0.246,0.098,0.246,0.222,0.172,0.246,0.295,0.443,0.098,0.098,0.394,0.345,0.246,0.098,0.32,0.074,0.049,0.0,-0.002,-0.025,0.0,0.049,0.025,0.76,0.76,0.94,0.94,0.94,0.47,0.88,0.47,0.88,0.18,0.5,0.5,0.47,0.76,0.18,0.94,0.82,0.94,0.82,0.94,0.91,0.91,0.15,0.06,0.41,0.35,0.35,0.41,0.463,0.59,0.24,0.74,0.18,0.65,0.59,0.18,0.71,0.47,0.94,0.47,0.88,0.53,0.82,0.24,0.53,0.26,0.59,1.0,0.76,0.18,0.18,0.47,0.06,0.5,0.56,0.12,0.88,0.88,0.59,0.59,0.88,0.94,0.29,0.85,0.74,0.41,0.82,9.0
20232024,VGK,1.0,2.0,1.0,0.0,0.0,4.0,1.0,all,3600.0,4.0,1.0,3.0,0.8,4.05,3.45,0.54,1.113,0.143,0.97,0.03,0.857,west,pacific,top3,9.0,11.0,0.45,24.0,27.0,0.471,2.65,2.723,42.0,48.0,0.467,61.0,71.0,0.462,28.0,33.0,15.0,9.0,7.0,16.0,16.0,4.0,12.0,,0.29,0.229,19.0,23.0,14.0,15.0,0.23,0.211,0.311,0.324,4.0,11.0,4.0,8.0,29.0,20.0,20.0,16.0,13.0,4.0,15.0,6.0,4.0,0.0,2.0,2.0,0.5999999999999996,-6.0,-2.0,0.067,0.017,0.05,0.067,0.058,0.15,0.183,0.4,0.45,0.7,0.8,1.017,1.183,0.467,0.55,0.25,0.15,0.117,0.267,0.267,0.067,0.2,0.183,0.233,0.25,0.317,0.383,0.067,0.067,0.333,0.267,0.217,0.067,0.25,0.1,0.067,0.0,0.01,-0.1,-0.033,0.033,0.033,0.88,0.88,0.59,0.91,0.94,0.71,0.88,0.71,0.94,0.59,0.29,0.29,0.41,0.71,0.18,0.94,0.88,1.0,0.41,0.53,0.41,0.65,0.29,0.21,0.29,0.24,0.47,0.29,0.462,0.5,0.35,0.79,0.12,0.56,0.44,0.12,0.85,0.32,0.88,0.32,0.94,0.62,0.85,0.47,0.47,0.26,0.35,1.0,0.65,0.15,0.12,0.53,0.06,0.79,0.26,0.66,0.48,0.84,0.42,0.62,0.59,0.53,0.35,0.65,0.44,0.53,0.24,11.0
20232024,VGK,1.0,2.0,1.0,0.0,0.0,4.0,1.0,other,23.0,0.0,0.0,0.0,,0.0,0.0,,0.0,0.0,0.0,0.0,0.0,west,pacific,top3,0.0,0.0,,0.0,0.0,,,,0.0,0.0,,0.0,0.0,,0.0,0.0,0.0,0.0,0.0,0.0,0.0,0.0,0.0,,,,0.0,0.0,0.0,0.0,,,,,0.0,0.0,0.0,0.0,0.0,0.0,0.0,0.0,0.0,0.0,0.0,0.0,0.0,0.0,0.0,0.0,0.0,0.0,0.0,0.0,0.0,0.0,0.0,0.0,0.0,0.0,0.0,0.0,0.0,0.0,0.0,0.0,0.0,0.0,0.0,0.0,0.0,0.0,0.0,0.0,0.0,0.0,0.0,0.0,0.0,0.0,0.0,0.0,0.0,0.0,0.0,0.0,0.0,0.0,0.0,0.0,0.0,0.0,0.0,0.0,0.0,0.76,0.76,0.5,0.53,,,0.47,0.53,0.56,0.59,,0.53,,,,0.41,0.5,0.44,0.62,0.56,0.47,0.41,0.59,0.65,,0.41,0.65,0.53,,0.41,0.65,0.41,0.47,0.53,0.59,0.65,0.53,0.56,0.5,,,0.5,0.56,0.53,0.53,,,0.5,0.56,0.56,0.5,0.53,0.53,0.74,0.32,0.47,0.59,0.35,0.71,0.47,0.59,,,0.53,0.53,0.65,0.41,0.0
20232024,WPG,1.0,0.0,0.0,1.0,0.0,3.0,5.0,4on5,326.0,0.0,1.0,-1.0,0.0,0.0,1.2,0.0,0.833,0.0,0.833,0.167,0.0,west,central,none,0.0,3.0,0.0,0.0,6.0,0.0,,3.0,0.0,9.0,0.0,0.0,10.0,0.0,0.0,6.0,0.0,0.0,0.0,3.0,3.0,0.0,0.0,,,0.0,0.0,1.0,0.0,3.0,,0.3,,0.1,0.0,0.0,0.0,0.0,3.0,2.0,2.0,1.0,1.0,1.0,0.0,0.0,0.0,0.0,0.0,0.0,-1.2,-9.0,-3.0,0.0,0.184,-0.184,0.0,0.221,0.0,0.552,0.0,1.104,0.0,1.656,0.0,1.84,0.0,1.104,0.0,0.0,0.0,0.552,0.552,0.0,0.0,0.0,0.0,0.552,0.0,0.184,0.0,0.0,0.368,0.184,0.184,0.184,0.0,0.0,0.0,0.0,-0.221,-1.656,-0.552,0.0,0.0,0.24,0.26,0.44,0.35,0.41,0.22,0.24,0.12,0.35,0.12,0.47,0.24,0.37,,0.25,0.35,0.44,0.38,0.74,0.32,0.47,0.38,0.24,0.24,0.22,0.24,0.29,0.24,0.0,0.21,0.59,0.41,0.47,0.35,0.29,0.41,0.71,0.68,0.06,,0.06,0.94,0.71,0.71,0.09,,0.06,0.76,0.68,0.18,0.24,0.18,0.53,0.59,0.38,0.44,0.88,0.47,0.62,0.82,0.62,,0.88,0.62,0.47,0.47,0.29,0.0
20232024,WPG,1.0,0.0,0.0,1.0,0.0,3.0,5.0,5on4,480.0,0.0,1.0,-1.0,0.0,0.24,0.05,0.828,0.5,0.0,0.5,0.5,1.0,west,central,none,5.0,0.0,1.0,12.0,0.0,1.0,2.778,1.5,19.0,2.0,0.905,22.0,2.0,0.917,14.0,2.0,7.0,3.0,3.0,0.0,1.0,1.0,4.0,,0.21,1.0,3.0,0.0,5.0,0.0,0.227,0.0,0.136,0.0,0.0,0.0,0.0,0.0,5.0,7.0,0.0,0.0,0.0,0.0,2.0,1.0,2.0,2.0,0.0,0.0,0.19,17.0,5.0,0.0,0.125,-0.125,0.03,0.006,0.625,0.0,1.5,0.0,2.375,0.25,2.75,0.25,1.75,0.25,0.875,0.375,0.375,0.0,0.125,0.125,0.5,0.25,0.625,0.0,0.375,0.0,0.0,0.0,0.0,0.0,0.0,0.0,0.25,0.125,0.25,0.25,0.024,2.125,0.625,0.0,0.0,0.24,0.26,0.26,0.09,0.14,0.18,0.12,0.12,0.09,0.29,0.59,0.88,0.69,0.41,0.75,0.59,0.26,0.59,0.26,0.12,0.88,1.0,0.59,0.68,0.35,1.0,0.32,1.0,0.917,1.0,0.44,0.94,0.44,1.0,0.06,0.65,0.18,0.71,0.38,0.88,0.33,0.35,0.38,0.18,1.0,0.35,0.91,0.38,0.62,0.82,0.94,0.53,0.94,0.68,0.47,0.56,0.06,0.44,0.59,0.44,0.12,0.53,0.42,0.59,0.44,0.26,1.0,2.0
20232024,WPG,1.0,0.0,0.0,1.0,0.0,3.0,5.0,5on5,2670.0,3.0,3.0,0.0,0.5,3.2,2.13,0.6,0.916,0.13,0.786,0.214,0.87,west,central,none,11.0,2.0,0.846,17.0,7.0,0.708,2.618,2.056,38.0,20.0,0.655,61.0,33.0,0.649,23.0,14.0,6.0,10.0,7.0,5.0,3.0,8.0,10.0,,0.26,0.4,23.0,13.0,15.0,6.0,0.246,0.182,0.377,0.394,3.0,6.0,4.0,8.0,22.0,38.0,13.0,6.0,4.0,2.0,10.0,7.0,13.0,10.0,2.0,3.0,1.0700000000000003,18.0,9.0,0.067,0.067,0.0,0.072,0.048,0.247,0.045,0.382,0.157,0.854,0.449,1.371,0.742,0.517,0.315,0.135,0.225,0.157,0.112,0.067,0.18,0.225,0.18,0.337,0.135,0.517,0.292,0.067,0.09,0.292,0.135,0.09,0.045,0.225,0.157,0.292,0.225,0.024,0.404,0.202,0.045,0.067,0.24,0.26,0.68,0.53,0.53,0.82,0.76,0.88,0.44,0.65,0.94,1.0,1.0,0.82,1.0,0.24,0.71,0.12,0.71,0.12,1.0,0.76,0.94,1.0,1.0,0.82,1.0,0.94,0.649,0.82,1.0,0.18,0.35,0.82,1.0,1.0,0.12,0.06,0.59,0.12,1.0,0.18,1.0,0.53,0.41,0.59,1.0,0.59,0.29,0.82,1.0,0.59,1.0,0.88,0.41,0.5,0.12,0.12,0.59,0.06,0.12,0.38,0.18,0.18,0.59,1.0,0.35,8.0
20232024,WPG,1.0,0.0,0.0,1.0,0.0,3.0,5.0,all,3600.0,3.0,5.0,-2.0,0.375,3.44,3.38,0.504,0.854,0.081,0.773,0.227,0.919,west,central,none,16.0,5.0,0.762,29.0,13.0,0.69,2.673,2.31,57.0,31.0,0.648,83.0,45.0,0.648,37.0,22.0,13.0,13.0,10.0,8.0,7.0,9.0,14.0,,0.25,0.323,26.0,14.0,20.0,9.0,0.241,0.2,0.313,0.311,3.0,6.0,4.0,8.0,30.0,47.0,15.0,7.0,5.0,3.0,12.0,8.0,15.0,12.0,2.0,3.0,0.06000000000000005,26.0,11.0,0.05,0.083,-0.033,0.057,0.056,0.267,0.083,0.483,0.217,0.95,0.517,1.383,0.75,0.617,0.367,0.217,0.217,0.167,0.133,0.117,0.15,0.233,0.167,0.333,0.15,0.433,0.233,0.05,0.067,0.25,0.117,0.083,0.05,0.2,0.133,0.25,0.2,0.001,0.433,0.183,0.033,0.05,0.36,0.38,0.44,0.32,0.35,0.59,0.44,0.59,0.21,0.76,1.0,1.0,1.0,0.82,1.0,0.53,0.62,0.53,0.16,0.06,1.0,1.0,0.97,1.0,1.0,0.94,1.0,1.0,0.648,1.0,0.97,0.62,0.29,0.94,0.97,1.0,0.18,0.06,0.32,0.24,0.79,0.21,1.0,0.21,0.41,0.53,0.94,0.5,0.32,0.85,1.0,0.65,1.0,1.0,0.26,0.69,0.06,0.5,0.42,0.09,0.06,0.29,0.24,0.26,0.44,0.94,0.79,10.0
20232024,WPG,1.0,0.0,0.0,1.0,0.0,3.0,5.0,other,124.0,0.0,0.0,0.0,,0.0,0.0,,0.0,0.0,0.0,0.0,0.0,west,central,none,0.0,0.0,,0.0,0.0,,,,0.0,0.0,,0.0,0.0,,0.0,0.0,0.0,0.0,0.0,0.0,0.0,0.0,0.0,,,,0.0,0.0,0.0,0.0,,,,,0.0,0.0,0.0,0.0,0.0,0.0,0.0,0.0,0.0,0.0,0.0,0.0,0.0,0.0,0.0,0.0,0.0,0.0,0.0,0.0,0.0,0.0,0.0,0.0,0.0,0.0,0.0,0.0,0.0,0.0,0.0,0.0,0.0,0.0,0.0,0.0,0.0,0.0,0.0,0.0,0.0,0.0,0.0,0.0,0.0,0.0,0.0,0.0,0.0,0.0,0.0,0.0,0.0,0.0,0.0,0.0,0.0,0.0,0.0,0.0,0.0,0.24,0.26,0.5,0.53,,,0.47,0.53,0.56,0.59,,0.53,,,,0.41,0.5,0.44,0.62,0.56,0.47,0.41,0.59,0.65,,0.41,0.65,0.53,,0.41,0.65,0.41,0.47,0.53,0.59,0.65,0.53,0.56,0.5,,,0.5,0.56,0.53,0.53,,,0.5,0.56,0.56,0.5,0.53,0.53,0.74,0.32,0.47,0.59,0.35,0.71,0.47,0.59,,,0.53,0.53,0.65,0.41,0.0
20232024,WSH,0.0,0.0,0.0,0.0,0.0,0.0,0.0,all,0.0,0.0,0.0,0.0,,0.0,0.0,,0.0,0.0,0.0,0.0,0.0,east,metro,none,0.0,0.0,,0.0,0.0,,,,0.0,0.0,,0.0,0.0,,0.0,0.0,0.0,0.0,0.0,0.0,0.0,0.0,0.0,,,,0.0,0.0,0.0,0.0,,,,,0.0,0.0,0.0,0.0,0.0,0.0,0.0,0.0,0.0,0.0,0.0,0.0,0.0,0.0,0.0,0.0,0.0,0.0,0.0,,,,,,,,,,,,,,,,,,,,,,,,,,,,,,,,,,,,,,,,,,,0.36,0.38,,,,,,,,,,,,,,0.25,0.25,0.25,0.78,0.78,,,,,,,,,,,,,,,,,,,,,,,,,,,,,,,,,,,,0.25,0.78,0.25,0.78,,,,,,,,,0.0
